driverId,givenName,familyName,code,permanentNumber,dateOfBirth,nationality,url
abate,Carlo,Abate,NaN,NaN,1932-07-10,Italian,http://en.wikipedia.org/wiki/Carlo_Mario_Abate
abecassis,George,Abecassis,NaN,NaN,1913-03-21,British,http://en.wikipedia.org/wiki/George_Abecassis
acheson,Kenny,Acheson,NaN,NaN,1957-11-27,British,http://en.wikipedia.org/wiki/Kenny_Acheson
adams,Philippe,Adams,NaN,NaN,1969-11-19,Belgian,http://en.wikipedia.org/wiki/Philippe_Adams
ader,Walt,Ader,NaN,NaN,1913-12-15,American,http://en.wikipedia.org/wiki/Walt_Ader
adolff,Kurt,Adolff,NaN,NaN,1921-11-05,German,http://en.wikipedia.org/wiki/Kurt_Adolff
agabashian,Fred,Agabashian,NaN,NaN,1913-08-21,American,http://en.wikipedia.org/wiki/Fred_Agabashian
ahrens,Kurt,Ahrens,NaN,NaN,1940-04-19,German,"http://en.wikipedia.org/wiki/Kurt_Ahrens,_Jr."
aitken,Jack,Aitken,AIT,89,1995-09-23,British,http://en.wikipedia.org/wiki/Jack_Aitken
albers,Christijan,Albers,ALB,NaN,1979-04-16,Dutch,http://en.wikipedia.org/wiki/Christijan_Albers
albon,Alexander,Albon,ALB,23,1996-03-23,Thai,http://en.wikipedia.org/wiki/Alexander_Albon
alboreto,Michele,Alboreto,NaN,NaN,1956-12-23,Italian,http://en.wikipedia.org/wiki/Michele_Alboreto
alesi,Jean,Alesi,NaN,NaN,1964-06-11,French,http://en.wikipedia.org/wiki/Jean_Alesi
alguersuari,Jaime,Alguersuari,ALG,NaN,1990-03-23,Spanish,http://en.wikipedia.org/wiki/Jaime_Alguersuari
alliot,Philippe,Alliot,NaN,NaN,1954-07-27,French,http://en.wikipedia.org/wiki/Philippe_Alliot
allison,Cliff,Allison,NaN,NaN,1932-02-08,British,http://en.wikipedia.org/wiki/Cliff_Allison
alonso,Fernando,Alonso,ALO,14,1981-07-29,Spanish,http://en.wikipedia.org/wiki/Fernando_Alonso
amati,Giovanna,Amati,NaN,NaN,1959-07-20,Italian,http://en.wikipedia.org/wiki/Giovanna_Amati
amick,Red,Amick,NaN,NaN,1929-01-19,American,http://en.wikipedia.org/wiki/Red_Amick
george_amick,George,Amick,NaN,NaN,1924-10-24,American,http://en.wikipedia.org/wiki/George_Amick
amon,Chris,Amon,NaN,NaN,1943-07-20,New Zealander,http://en.wikipedia.org/wiki/Chris_Amon
anderson,Bob,Anderson,NaN,NaN,1931-05-19,British,http://en.wikipedia.org/wiki/Bob_Anderson_(racing_driver)
andersson,Conny,Andersson,NaN,NaN,1939-12-28,Swedish,http://en.wikipedia.org/wiki/Conny_Andersson_(racing_driver)
andretti,Michael,Andretti,NaN,NaN,1962-10-05,American,http://en.wikipedia.org/wiki/Michael_Andretti
mario_andretti,Mario,Andretti,NaN,NaN,1940-02-28,American,http://en.wikipedia.org/wiki/Mario_Andretti
andrews,Keith,Andrews,NaN,NaN,1920-06-15,American,http://en.wikipedia.org/wiki/Keith_Andrews_(driver)
apicella,Marco,Apicella,NaN,NaN,1965-10-07,Italian,http://en.wikipedia.org/wiki/Marco_Apicella
armi,Frank,Armi,NaN,NaN,1918-10-12,American,http://en.wikipedia.org/wiki/Frank_Armi
arnold,Chuck,Arnold,NaN,NaN,1926-05-30,American,http://en.wikipedia.org/wiki/Chuck_Arnold
arnoux,René,Arnoux,NaN,NaN,1948-07-04,French,http://en.wikipedia.org/wiki/Ren%C3%A9_Arnoux
arundell,Peter,Arundell,NaN,NaN,1933-11-08,British,http://en.wikipedia.org/wiki/Peter_Arundell
ascari,Alberto,Ascari,NaN,NaN,1918-07-13,Italian,http://en.wikipedia.org/wiki/Alberto_Ascari
ashdown,Peter,Ashdown,NaN,NaN,1934-10-16,British,http://en.wikipedia.org/wiki/Peter_Ashdown
ashley,Ian,Ashley,NaN,NaN,1947-10-26,British,http://en.wikipedia.org/wiki/Ian_Ashley
ashmore,Gerry,Ashmore,NaN,NaN,1936-07-25,British,http://en.wikipedia.org/wiki/Gerry_Ashmore
aston,Bill,Aston,NaN,NaN,1900-03-29,British,http://en.wikipedia.org/wiki/Bill_Aston
attwood,Richard,Attwood,NaN,NaN,1940-04-04,British,http://en.wikipedia.org/wiki/Richard_Attwood
ayulo,Manny,Ayulo,NaN,NaN,1921-10-20,American,http://en.wikipedia.org/wiki/Manny_Ayulo
badoer,Luca,Badoer,BAD,NaN,1971-01-25,Italian,http://en.wikipedia.org/wiki/Luca_Badoer
baghetti,Giancarlo,Baghetti,NaN,NaN,1934-12-25,Italian,http://en.wikipedia.org/wiki/Giancarlo_Baghetti
bailey,Julian,Bailey,NaN,NaN,1961-10-09,British,http://en.wikipedia.org/wiki/Julian_Bailey
baldi,Mauro,Baldi,NaN,NaN,1954-01-31,Italian,http://en.wikipedia.org/wiki/Mauro_Baldi
ball,Bobby,Ball,NaN,NaN,1925-08-26,American,http://en.wikipedia.org/wiki/Bobby_Ball_(auto_racer)
balsa,Marcel,Balsa,NaN,NaN,1909-01-01,French,http://en.wikipedia.org/wiki/Marcel_Balsa
bandini,Lorenzo,Bandini,NaN,NaN,1935-12-21,Italian,http://en.wikipedia.org/wiki/Lorenzo_Bandini
banks,Henry,Banks,NaN,NaN,1913-06-14,American,http://en.wikipedia.org/wiki/Henry_Banks
barbazza,Fabrizio,Barbazza,NaN,NaN,1963-04-02,Italian,http://en.wikipedia.org/wiki/Fabrizio_Barbazza
barber,Skip,Barber,NaN,NaN,1936-11-16,American,http://en.wikipedia.org/wiki/Skip_Barber
john_barber,John,Barber,NaN,NaN,1929-07-22,British,http://en.wikipedia.org/wiki/John_Barber_(racing_driver)
barilla,Paolo,Barilla,NaN,NaN,1961-04-20,Italian,http://en.wikipedia.org/wiki/Paolo_Barilla
barrichello,Rubens,Barrichello,BAR,NaN,1972-05-23,Brazilian,http://en.wikipedia.org/wiki/Rubens_Barrichello
bartels,Michael,Bartels,NaN,NaN,1968-03-08,German,http://en.wikipedia.org/wiki/Michael_Bartels
barth,Edgar,Barth,NaN,NaN,1917-01-26,German,http://en.wikipedia.org/wiki/Edgar_Barth
bassi,Giorgio,Bassi,NaN,NaN,1934-01-20,Italian,http://en.wikipedia.org/wiki/Giorgio_Bassi
bauer,Erwin,Bauer,NaN,NaN,1912-07-17,German,http://en.wikipedia.org/wiki/Erwin_Bauer
baumgartner,Zsolt,Baumgartner,NaN,NaN,1981-01-01,Hungarian,http://en.wikipedia.org/wiki/Zsolt_Baumgartner
bayol,Élie,Bayol,NaN,NaN,1914-02-28,French,http://en.wikipedia.org/wiki/%C3%89lie_Bayol
bearman,Oliver,Bearman,BEA,38,2005-05-08,British,http://en.wikipedia.org/wiki/Oliver_Bearman
beauman,Don,Beauman,NaN,NaN,1928-07-26,British,http://en.wikipedia.org/wiki/Don_Beauman
bechem,Günther,Bechem,NaN,NaN,1921-12-21,German,http://en.wikipedia.org/wiki/G%C3%BCnther_Bechem
behra,Jean,Behra,NaN,NaN,1921-02-16,French,http://en.wikipedia.org/wiki/Jean_Behra
bell,Derek,Bell,NaN,NaN,1941-10-31,British,http://en.wikipedia.org/wiki/Derek_Bell_(auto_racer)
bellof,Stefan,Bellof,NaN,NaN,1957-11-20,German,http://en.wikipedia.org/wiki/Stefan_Bellof
belmondo,Paul,Belmondo,NaN,NaN,1963-04-23,French,http://en.wikipedia.org/wiki/Paul_Belmondo
belso,Tom,Belsø,NaN,NaN,1942-08-27,Danish,http://en.wikipedia.org/wiki/Tom_Bels%C3%B8
beltoise,Jean-Pierre,Beltoise,NaN,NaN,1937-04-26,French,http://en.wikipedia.org/wiki/Jean-Pierre_Beltoise
beretta,Olivier,Beretta,NaN,NaN,1969-11-23,Monegasque,http://en.wikipedia.org/wiki/Olivier_Beretta
berg,Allen,Berg,NaN,NaN,1961-08-01,Canadian,http://en.wikipedia.org/wiki/Allen_Berg
berger,Gerhard,Berger,NaN,NaN,1959-08-27,Austrian,http://en.wikipedia.org/wiki/Gerhard_Berger
georges_berger,Georges,Berger,NaN,NaN,1918-09-14,Belgian,http://en.wikipedia.org/wiki/Georges_Berger
bernard,Éric,Bernard,NaN,NaN,1964-08-24,French,http://en.wikipedia.org/wiki/%C3%89ric_Bernard
bernoldi,Enrique,Bernoldi,NaN,NaN,1978-10-19,Brazilian,http://en.wikipedia.org/wiki/Enrique_Bernoldi
bertaggia,Enrico,Bertaggia,NaN,NaN,1964-09-19,Italian,http://en.wikipedia.org/wiki/Enrico_Bertaggia
bettenhausen,Tony,Bettenhausen,NaN,NaN,1916-09-12,American,http://en.wikipedia.org/wiki/Tony_Bettenhausen
beuttler,Mike,Beuttler,NaN,NaN,1940-04-13,British,http://en.wikipedia.org/wiki/Mike_Beuttler
bianchi,Lucien,Bianchi,BIA,NaN,1934-11-10,Belgian,http://en.wikipedia.org/wiki/Lucien_Bianchi
jules_bianchi,Jules,Bianchi,BIA,17,1989-08-03,French,http://en.wikipedia.org/wiki/Jules_Bianchi
bianco,Gino,Bianco,NaN,NaN,1916-07-22,Brazilian,http://en.wikipedia.org/wiki/Gino_Bianco
binder,Hans,Binder,NaN,NaN,1948-06-12,Austrian,http://en.wikipedia.org/wiki/Hans_Binder
biondetti,Clemente,Biondetti,NaN,NaN,1898-08-18,Italian,http://en.wikipedia.org/wiki/Clemente_Biondetti
bira,Prince,Bira,NaN,NaN,1914-07-15,Thai,http://en.wikipedia.org/wiki/Prince_Bira
birger,Pablo,Birger,NaN,NaN,1924-01-07,Argentine,http://en.wikipedia.org/wiki/Pablo_Birger
bisch,Art,Bisch,NaN,NaN,1926-11-10,American,http://en.wikipedia.org/wiki/Art_Bisch
blanchard,Harry,Blanchard,NaN,NaN,1929-06-13,American,http://en.wikipedia.org/wiki/Harry_Blanchard
bleekemolen,Michael,Bleekemolen,NaN,NaN,1949-10-02,Dutch,http://en.wikipedia.org/wiki/Michael_Bleekemolen
blignaut,Alex,Blignaut,NaN,NaN,1932-11-30,South African,http://en.wikipedia.org/wiki/Alex_Blignaut
blokdyk,Trevor,Blokdyk,NaN,NaN,1935-11-30,South African,http://en.wikipedia.org/wiki/Trevor_Blokdyk
blundell,Mark,Blundell,NaN,NaN,1966-04-08,British,http://en.wikipedia.org/wiki/Mark_Blundell
boesel,Raul,Boesel,NaN,NaN,1957-12-04,Brazilian,http://en.wikipedia.org/wiki/Raul_Boesel
boffa,Menato,Boffa,NaN,NaN,1930-01-04,Italian,http://en.wikipedia.org/wiki/Menato_Boffa
bondurant,Bob,Bondurant,NaN,NaN,1933-04-27,American,http://en.wikipedia.org/wiki/Bob_Bondurant
bonetto,Felice,Bonetto,NaN,NaN,1903-06-09,Italian,http://en.wikipedia.org/wiki/Felice_Bonetto
bonnier,Jo,Bonnier,NaN,NaN,1930-01-31,Swedish,http://en.wikipedia.org/wiki/Joakim_Bonnier
bonomi,Roberto,Bonomi,NaN,NaN,1919-09-30,Argentine,http://en.wikipedia.org/wiki/Roberto_Bonomi
bordeu,Juan Manuel,Bordeu,NaN,NaN,1934-01-28,Argentine,http://en.wikipedia.org/wiki/Juan_Manuel_Bordeu
borgudd,Slim,Borgudd,NaN,NaN,1946-11-25,Swedish,http://en.wikipedia.org/wiki/Slim_Borgudd
botha,Luki,Botha,NaN,NaN,1930-01-16,South African,http://en.wikipedia.org/wiki/Luki_Botha
bottas,Valtteri,Bottas,BOT,77,1989-08-28,Finnish,http://en.wikipedia.org/wiki/Valtteri_Bottas
boullion,Jean-Christophe,Boullion,NaN,NaN,1969-12-27,French,http://en.wikipedia.org/wiki/Jean-Christophe_Boullion
bourdais,Sébastien,Bourdais,BOU,NaN,1979-02-28,French,http://en.wikipedia.org/wiki/S%C3%A9bastien_Bourdais
boutsen,Thierry,Boutsen,NaN,NaN,1957-07-13,Belgian,http://en.wikipedia.org/wiki/Thierry_Boutsen
boyd,Johnny,Boyd,NaN,NaN,1926-08-19,American,http://en.wikipedia.org/wiki/Johnny_Boyd
brabham,David,Brabham,NaN,NaN,1965-09-05,Australian,http://en.wikipedia.org/wiki/David_Brabham
gary_brabham,Gary,Brabham,NaN,NaN,1961-03-29,Australian,http://en.wikipedia.org/wiki/Gary_Brabham
jack_brabham,Jack,Brabham,NaN,NaN,1926-04-02,Australian,http://en.wikipedia.org/wiki/Jack_Brabham
brack,Bill,Brack,NaN,NaN,1935-12-26,Canadian,http://en.wikipedia.org/wiki/Bill_Brack
brambilla,Vittorio,Brambilla,NaN,NaN,1937-11-11,Italian,http://en.wikipedia.org/wiki/Vittorio_Brambilla
ernesto_brambilla,Ernesto,Brambilla,NaN,NaN,1934-01-31,Italian,http://en.wikipedia.org/wiki/Ernesto_Brambilla
branca,Toni,Branca,NaN,NaN,1916-09-15,Swiss,http://en.wikipedia.org/wiki/Toni_Branca
brancatelli,Gianfranco,Brancatelli,NaN,NaN,1950-01-18,Italian,http://en.wikipedia.org/wiki/Gianfranco_Brancatelli
brandon,Eric,Brandon,NaN,NaN,1920-07-18,British,http://en.wikipedia.org/wiki/Eric_Brandon
branson,Don,Branson,NaN,NaN,1920-06-02,American,http://en.wikipedia.org/wiki/Don_Branson
bridger,Tom,Bridger,NaN,NaN,1934-06-24,British,http://en.wikipedia.org/wiki/Tom_Bridger
brise,Tony,Brise,NaN,NaN,1952-03-28,British,http://en.wikipedia.org/wiki/Tony_Brise
bristow,Chris,Bristow,NaN,NaN,1937-12-02,British,http://en.wikipedia.org/wiki/Chris_Bristow
broeker,Peter,Broeker,NaN,NaN,1926-05-15,Canadian,http://en.wikipedia.org/wiki/Peter_Broeker
brooks,Tony,Brooks,NaN,NaN,1932-02-25,British,http://en.wikipedia.org/wiki/Tony_Brooks
alan_brown,Alan,Brown,NaN,NaN,1919-11-20,British,http://en.wikipedia.org/wiki/Alan_Brown_(racing_driver)
walt_brown,Walt,Brown,NaN,NaN,1911-12-30,American,http://en.wikipedia.org/wiki/Walt_Brown_(auto_racer)
brown,Warwick,Brown,NaN,NaN,1949-12-24,Australian,http://en.wikipedia.org/wiki/Warwick_Brown
brudes,Adolf,Brudes,NaN,NaN,1899-10-15,German,http://en.wikipedia.org/wiki/Adolf_Brudes
brundle,Martin,Brundle,NaN,NaN,1959-06-01,British,http://en.wikipedia.org/wiki/Martin_Brundle
bruni,Gianmaria,Bruni,NaN,NaN,1981-05-30,Italian,http://en.wikipedia.org/wiki/Gianmaria_Bruni
bryan,Jimmy,Bryan,NaN,NaN,1926-01-28,American,http://en.wikipedia.org/wiki/Jimmy_Bryan
bucci,Clemar,Bucci,NaN,NaN,1920-09-04,Argentine,http://en.wikipedia.org/wiki/Clemar_Bucci
bucknum,Ronnie,Bucknum,NaN,NaN,1936-04-05,American,http://en.wikipedia.org/wiki/Ronnie_Bucknum
bueb,Ivor,Bueb,NaN,NaN,1923-06-06,British,http://en.wikipedia.org/wiki/Ivor_Bueb
buemi,Sébastien,Buemi,BUE,NaN,1988-10-31,Swiss,http://en.wikipedia.org/wiki/S%C3%A9bastien_Buemi
bueno,Luiz,Bueno,NaN,NaN,1937-01-16,Brazilian,http://en.wikipedia.org/wiki/Luiz_Bueno
burgess,Ian,Burgess,NaN,NaN,1930-07-06,British,http://en.wikipedia.org/wiki/Ian_Burgess
burti,Luciano,Burti,NaN,NaN,1975-03-05,Brazilian,http://en.wikipedia.org/wiki/Luciano_Burti
bussinello,Roberto,Bussinello,NaN,NaN,1927-10-04,Italian,http://en.wikipedia.org/wiki/Roberto_Bussinello
button,Jenson,Button,BUT,22,1980-01-19,British,http://en.wikipedia.org/wiki/Jenson_Button
byrne,Tommy,Byrne,NaN,NaN,1958-05-06,Irish,http://en.wikipedia.org/wiki/Tommy_Byrne_%28racing_driver%29
cabantous,Yves,Cabantous,NaN,NaN,1904-10-08,French,http://en.wikipedia.org/wiki/Yves_Giraud_Cabantous
cabianca,Giulio,Cabianca,NaN,NaN,1923-02-19,Italian,http://en.wikipedia.org/wiki/Giulio_Cabianca
cabral,Mário de Araújo,Cabral,NaN,NaN,1934-01-15,Portuguese,http://en.wikipedia.org/wiki/Mario_de_Araujo_Cabral
cade,Phil,Cade,NaN,NaN,1916-06-12,American,http://en.wikipedia.org/wiki/Phil_Cade
caffi,Alex,Caffi,NaN,NaN,1964-03-18,Italian,http://en.wikipedia.org/wiki/Alex_Caffi
campbell-jones,John,Campbell-Jones,NaN,NaN,1930-01-21,British,http://en.wikipedia.org/wiki/John_Campbell-Jones
campos,Adrián,Campos,NaN,NaN,1960-06-17,Spanish,http://en.wikipedia.org/wiki/Adri%C3%A1n_Campos
Cannoc,John,Cannon,NaN,NaN,1933-06-21,Canadian,http://en.wikipedia.org/wiki/John_Cannon_(auto_racer)
cantoni,Eitel,Cantoni,NaN,NaN,1906-10-04,Uruguayan,http://en.wikipedia.org/wiki/Eitel_Cantoni
cantrell,Bill,Cantrell,NaN,NaN,1908-01-31,American,http://en.wikipedia.org/wiki/William_Cantrell
capelli,Ivan,Capelli,NaN,NaN,1963-05-24,Italian,http://en.wikipedia.org/wiki/Ivan_Capelli
carini,Piero,Carini,NaN,NaN,1921-03-06,Italian,http://en.wikipedia.org/wiki/Piero_Carini
darter,Duane,Carter,NaN,NaN,1913-05-05,American,http://en.wikipedia.org/wiki/Duane_Carter
castellotti,Eugenio,Castellotti,NaN,NaN,1930-10-10,Italian,http://en.wikipedia.org/wiki/Eugenio_Castellotti
cecotto,Johnny,Cecotto,NaN,NaN,1956-01-25,Venezuelan,http://en.wikipedia.org/wiki/Johnny_Cecotto
cevert,François,Cevert,NaN,NaN,1944-02-25,French,http://en.wikipedia.org/wiki/Fran%C3%A7ois_Cevert
chaboud,Eugène,Chaboud,NaN,NaN,1907-04-12,French,http://en.wikipedia.org/wiki/Eug%C3%A8ne_Chaboud
chamberlain,Jay,Chamberlain,NaN,NaN,1925-12-29,American,http://en.wikipedia.org/wiki/Jay_Chamberlain
chandhok,Karun,Chandhok,CHA,NaN,1984-01-19,Indian,http://en.wikipedia.org/wiki/Karun_Chandhok
chapman,Colin,Chapman,NaN,NaN,1928-05-19,British,http://en.wikipedia.org/wiki/Colin_Chapman
charlton,Dave,Charlton,NaN,NaN,1936-10-27,South African,http://en.wikipedia.org/wiki/Dave_Charlton
chaves,Pedro,Chaves,NaN,NaN,1965-02-27,Portuguese,http://en.wikipedia.org/wiki/Pedro_Chaves
cheesbourg,Bill,Cheesbourg,NaN,NaN,1927-06-12,American,http://en.wikipedia.org/wiki/Bill_Cheesbourg
cheever,Eddie,Cheever,NaN,NaN,1958-01-10,American,http://en.wikipedia.org/wiki/Eddie_Cheever
chiesa,Andrea,Chiesa,NaN,NaN,1964-05-06,Swiss,http://en.wikipedia.org/wiki/Andrea_Chiesa
chilton,Max,Chilton,CHI,4,1991-04-21,British,http://en.wikipedia.org/wiki/Max_Chilton
chimeri,Ettore,Chimeri,NaN,NaN,1921-06-04,Venezuelan,http://en.wikipedia.org/wiki/Ettore_Chimeri
chiron,Louis,Chiron,NaN,NaN,1899-08-03,Monegasque,http://en.wikipedia.org/wiki/Louis_Chiron
chitwood,Joie,Chitwood,NaN,NaN,1912-04-14,American,http://en.wikipedia.org/wiki/Joie_Chitwood
christie,Bob,Christie,NaN,NaN,1924-04-04,American,http://en.wikipedia.org/wiki/Bob_Christie_(racing_driver)
claes,Johnny,Claes,NaN,NaN,1916-08-11,Belgian,http://en.wikipedia.org/wiki/Johnny_Claes
clapham,David,Clapham,NaN,NaN,1931-05-18,South African,http://en.wikipedia.org/wiki/David_Clapham
clark,Jim,Clark,NaN,NaN,1936-03-04,British,http://en.wikipedia.org/wiki/Jim_Clark
cogan,Kevin,Cogan,NaN,NaN,1956-03-31,American,http://en.wikipedia.org/wiki/Kevin_Cogan
colapinto,Franco,Colapinto,COL,43,2003-05-27,Argentinian ,http://en.wikipedia.org/wiki/Franco_Colapinto
collins,Peter,Collins,NaN,NaN,1931-11-06,British,http://en.wikipedia.org/wiki/Peter_Collins_(racing_driver)
collomb,Bernard,Collomb,NaN,NaN,1930-10-07,French,http://en.wikipedia.org/wiki/Bernard_Collomb
colombo,Alberto,Colombo,NaN,NaN,1946-02-23,Italian,http://en.wikipedia.org/wiki/Alberto_Colombo
comas,Érik,Comas,NaN,NaN,1963-09-28,French,http://en.wikipedia.org/wiki/%C3%89rik_Comas
comotti,Franco,Comotti,NaN,NaN,1906-07-24,Italian,http://en.wikipedia.org/wiki/Franco_Comotti
george_connor,George,Connor,NaN,NaN,1906-08-16,American,http://en.wikipedia.org/wiki/George_Connor_(driver)
constantine,George,Constantine,NaN,NaN,1918-02-22,American,http://en.wikipedia.org/wiki/George_Constantine
cordts,John,Cordts,NaN,NaN,1935-07-23,Canadian,http://en.wikipedia.org/wiki/John_Cordts
coulthard,David,Coulthard,COU,NaN,1971-03-27,British,http://en.wikipedia.org/wiki/David_Coulthard
courage,Piers,Courage,NaN,NaN,1942-05-27,British,http://en.wikipedia.org/wiki/Piers_Courage
craft,Chris,Craft,NaN,NaN,1939-11-17,British,http://en.wikipedia.org/wiki/Chris_Craft_(racing_driver)
crawford,Jim,Crawford,NaN,NaN,1948-02-13,British,http://en.wikipedia.org/wiki/Jim_Crawford_(driver)
ray_crawford,Ray,Crawford,NaN,NaN,1915-10-26,American,http://en.wikipedia.org/wiki/Ray_Crawford
crespo,Alberto,Crespo,NaN,NaN,1920-01-16,Argentine,http://en.wikipedia.org/wiki/Alberto_Crespo
creus,Antonio,Creus,NaN,NaN,1924-10-28,Spanish,http://en.wikipedia.org/wiki/Antonio_Creus
crockett,Larry,Crockett,NaN,NaN,1926-10-23,American,http://en.wikipedia.org/wiki/Larry_Crockett
crook,Tony,Crook,NaN,NaN,1920-02-16,British,http://en.wikipedia.org/wiki/Tony_Crook
cross,Art,Cross,NaN,NaN,1918-01-24,American,http://en.wikipedia.org/wiki/Art_Cross
crossley,Geoff,Crossley,NaN,NaN,1921-05-11,British,http://en.wikipedia.org/wiki/Geoff_Crossley
cruz,Adolfo,Cruz,NaN,NaN,1923-06-28,Argentine,http://en.wikipedia.org/wiki/Adolfo_Schewelm_Cruz
ambrosio,Jérôme,d'Ambrosio,DAM,NaN,1985-12-27,Belgian,http://en.wikipedia.org/wiki/J%C3%A9r%C3%B4me_d%27Ambrosio
orey,Fritz,d'Orey,NaN,NaN,1938-03-25,Brazilian,http://en.wikipedia.org/wiki/Fritz_d%27Orey
matta,Cristiano,da Matta,NaN,NaN,1973-09-19,Brazilian,http://en.wikipedia.org/wiki/Cristiano_da_Matta
ramos,Hernando,da Silva Ramos,NaN,NaN,1925-12-07,Brazilian,http://en.wikipedia.org/wiki/Hernando_da_Silva_Ramos
daigh,Chuck,Daigh,NaN,NaN,1923-11-29,American,http://en.wikipedia.org/wiki/Chuck_Daigh
dalmas,Yannick,Dalmas,NaN,NaN,1961-07-28,French,http://en.wikipedia.org/wiki/Yannick_Dalmas
daly,Derek,Daly,NaN,NaN,1953-03-11,Irish,http://en.wikipedia.org/wiki/Derek_Daly
danner,Christian,Danner,NaN,NaN,1958-04-04,German,http://en.wikipedia.org/wiki/Christian_Danner
daponte,Jorge,Daponte,NaN,NaN,1923-06-05,Argentine,http://en.wikipedia.org/wiki/Jorge_Daponte
davidson,Anthony,Davidson,DAV,NaN,1979-04-18,British,http://en.wikipedia.org/wiki/Anthony_Davidson
davies,Jimmy,Davies,NaN,NaN,1929-08-08,American,http://en.wikipedia.org/wiki/Jimmy_Davies
davis,Colin,Davis,NaN,NaN,1933-07-29,British,http://en.wikipedia.org/wiki/Colin_Davis_(driver)
daywalt,Jimmy,Daywalt,NaN,NaN,1924-08-28,American,http://en.wikipedia.org/wiki/Jimmy_Daywalt
adamich,Andrea,de Adamich,NaN,NaN,1941-10-03,Italian,http://en.wikipedia.org/wiki/Andrea_de_Adamich
angelis,Elio,de Angelis,NaN,NaN,1958-03-26,Italian,http://en.wikipedia.org/wiki/Elio_de_Angelis
beaufort,Carel Godin,de Beaufort,NaN,NaN,1934-04-10,Dutch,http://en.wikipedia.org/wiki/Carel_Godin_de_Beaufort
cesaris,Andrea,de Cesaris,NaN,NaN,1959-05-31,Italian,http://en.wikipedia.org/wiki/Andrea_de_Cesaris
Changy,Alain,de Changy,NaN,NaN,1922-02-05,Belgian,http://en.wikipedia.org/wiki/Alain_de_Changy
dryver,Bernard,de Dryver,NaN,NaN,1952-09-19,Belgian,http://en.wikipedia.org/wiki/Bernard_de_Dryver
filippis,Maria,de Filippis,NaN,NaN,1926-11-11,Italian,http://en.wikipedia.org/wiki/Maria_Teresa_de_Filippis
graffenried,Toulo,de Graffenried,NaN,NaN,1914-05-18,Swiss,http://en.wikipedia.org/wiki/Toulo_de_Graffenried
klerk,Peter,de Klerk,NaN,NaN,1935-03-16,South African,http://en.wikipedia.org/wiki/Peter_de_Klerk
rosa,Pedro,de la Rosa,DLR,NaN,1971-02-24,Spanish,http://en.wikipedia.org/wiki/Pedro_de_la_Rosa
portago,Alfonso,de Portago,NaN,NaN,1928-10-11,Spanish,http://en.wikipedia.org/wiki/Alfonso_de_Portago
riu,Giovanni,de Riu,NaN,NaN,1925-03-10,Italian,http://en.wikipedia.org/wiki/Giovanni_de_Riu
terra,Max,de Terra,NaN,NaN,1918-10-06,Swiss,http://en.wikipedia.org/wiki/Max_de_Terra
tomaso,Alessandro,de Tomaso,NaN,NaN,1928-07-10,Argentine-Italian,http://en.wikipedia.org/wiki/Alessandro_de_Tomaso
tornaco,Charles,de Tornaco,NaN,NaN,1927-06-07,Belgian,http://en.wikipedia.org/wiki/Charles_de_Tornaco
villota,Emilio,de Villota,NaN,NaN,1946-07-26,Spanish,http://en.wikipedia.org/wiki/Emilio_de_Villota
vos,Ernie,de Vos,NaN,NaN,1941-07-01,Dutch,http://en.wikipedia.org/wiki/Ernie_de_Vos
de_vries,Nyck,de Vries,DEV,21,1995-02-06,Dutch,http://en.wikipedia.org/wiki/Nyck_de_Vries
deletraz,Jean-Denis,Délétraz,NaN,NaN,1963-10-01,Swiss,http://en.wikipedia.org/wiki/Jean-Denis_Deletraz
depailler,Patrick,Depailler,NaN,NaN,1944-08-09,French,http://en.wikipedia.org/wiki/Patrick_Depailler
grassi,Lucas,di Grassi,DIG,NaN,1984-08-11,Brazilian,http://en.wikipedia.org/wiki/Lucas_di_Grassi
resta,Paul,di Resta,DIR,40,1986-04-16,British,http://en.wikipedia.org/wiki/Paul_di_Resta
diniz,Pedro,Diniz,NaN,NaN,1970-05-22,Brazilian,http://en.wikipedia.org/wiki/Pedro_Diniz
dinsmore,Duke,Dinsmore,NaN,NaN,1913-04-10,American,http://en.wikipedia.org/wiki/Duke_Dinsmore
dochnal,Frank,Dochnal,NaN,NaN,1920-10-08,American,http://en.wikipedia.org/wiki/Frank_Dochnal
dolhem,José,Dolhem,NaN,NaN,1944-04-26,French,http://en.wikipedia.org/wiki/Jos%C3%A9_Dolhem
donnelly,Martin,Donnelly,NaN,NaN,1964-03-26,British,http://en.wikipedia.org/wiki/Martin_Donnelly_(racing_driver)
donohue,Mark,Donohue,NaN,NaN,1937-03-18,American,http://en.wikipedia.org/wiki/Mark_Donohue
doohan,Jack,Doohan,DOO,61,2003-01-20,Australian,http://en.wikipedia.org/wiki/Jack_Doohan
doornbos,Robert,Doornbos,DOO,NaN,1981-09-23,Dutch,http://en.wikipedia.org/wiki/Robert_Doornbos
downing,Ken,Downing,NaN,NaN,1917-12-05,British,http://en.wikipedia.org/wiki/Ken_Downing
drake,Bob,Drake,NaN,NaN,1919-12-14,American,http://en.wikipedia.org/wiki/Bob_Drake_(Formula_One)
driver,Paddy,Driver,NaN,NaN,1934-05-13,South African,http://en.wikipedia.org/wiki/Paddy_Driver
drogo,Piero,Drogo,NaN,NaN,1926-08-08,Italian,http://en.wikipedia.org/wiki/Piero_Drogo
duke,Geoff,Duke,NaN,NaN,1923-03-29,British,http://en.wikipedia.org/wiki/Geoff_Duke
dumfries,Johnny,Dumfries,NaN,NaN,1958-04-26,British,http://en.wikipedia.org/wiki/Johnny_Dumfries
duncan,Len,Duncan,NaN,NaN,1911-07-25,American,http://en.wikipedia.org/wiki/Len_Duncan
dusio,Piero,Dusio,NaN,NaN,1899-10-13,Italian,http://en.wikipedia.org/wiki/Piero_Dusio
eaton,George,Eaton,NaN,NaN,1945-11-12,Canadian,http://en.wikipedia.org/wiki/George_Eaton
ecclestone,Bernie,Ecclestone,NaN,NaN,1930-10-28,British,http://en.wikipedia.org/wiki/Bernie_Ecclestone
edmunds,Don,Edmunds,NaN,NaN,1930-09-23,American,http://en.wikipedia.org/wiki/Don_Edmunds
edwards,Guy,Edwards,NaN,NaN,1942-12-30,British,http://en.wikipedia.org/wiki/Guy_Edwards
elford,Vic,Elford,NaN,NaN,1935-06-10,British,http://en.wikipedia.org/wiki/Vic_Elford
elisian,Ed,Elisian,NaN,NaN,1926-12-09,American,http://en.wikipedia.org/wiki/Ed_Elisian
emery,Paul,Emery,NaN,NaN,1916-11-12,British,http://en.wikipedia.org/wiki/Paul_Emery
enge,Tomáš,Enge,NaN,NaN,1976-09-11,Czech,http://en.wikipedia.org/wiki/Tom%C3%A1%C5%A1_Enge
england,Paul,England,NaN,NaN,1929-03-28,Australian,http://en.wikipedia.org/wiki/Paul_England
ericsson,Marcus,Ericsson,ERI,9,1990-09-02,Swedish,http://en.wikipedia.org/wiki/Marcus_Ericsson
ertl,Harald,Ertl,NaN,NaN,1948-08-31,Austrian,http://en.wikipedia.org/wiki/Harald_Ertl
estefano,Nasif,Estéfano,NaN,NaN,1932-11-18,Argentine,http://en.wikipedia.org/wiki/Nasif_Est%C3%A9fano
etancelin,Philippe,Étancelin,NaN,NaN,1896-12-28,French,http://en.wikipedia.org/wiki/Philippe_%C3%89tancelin
evans,Bob,Evans,NaN,NaN,1947-06-11,British,http://en.wikipedia.org/wiki/Bob_Evans_(race_driver)
fabi,Teo,Fabi,NaN,NaN,1955-03-09,Italian,http://en.wikipedia.org/wiki/Teo_Fabi
corrado_fabi,Corrado,Fabi,NaN,NaN,1961-04-12,Italian,http://en.wikipedia.org/wiki/Corrado_Fabi
fabre,Pascal,Fabre,NaN,NaN,1960-01-09,French,http://en.wikipedia.org/wiki/Pascal_Fabre
facetti,Carlo,Facetti,NaN,NaN,1935-06-26,Italian,http://en.wikipedia.org/wiki/Carlo_Facetti
fagioli,Luigi,Fagioli,NaN,NaN,1898-06-09,Italian,http://en.wikipedia.org/wiki/Luigi_Fagioli
fairman,Jack,Fairman,NaN,NaN,1913-03-15,British,http://en.wikipedia.org/wiki/Jack_Fairman
fangio,Juan,Fangio,NaN,NaN,1911-06-24,Argentine,http://en.wikipedia.org/wiki/Juan_Manuel_Fangio
farina,Nino,Farina,NaN,NaN,1906-10-30,Italian,http://en.wikipedia.org/wiki/Nino_Farina
faulkner,Walt,Faulkner,NaN,NaN,1920-02-16,American,http://en.wikipedia.org/wiki/Walt_Faulkner
firman,Ralph,Firman,NaN,NaN,1975-05-20,Irish,http://en.wikipedia.org/wiki/Ralph_Firman
fischer,Rudi,Fischer,NaN,NaN,1912-04-19,Swiss,http://en.wikipedia.org/wiki/Rudi_Fischer
fisher,Mike,Fisher,NaN,NaN,1943-03-13,American,http://en.wikipedia.org/wiki/Mike_Fisher_(driver)
fisichella,Giancarlo,Fisichella,FIS,NaN,1973-01-14,Italian,http://en.wikipedia.org/wiki/Giancarlo_Fisichella
fitch,John,Fitch,NaN,NaN,1917-08-04,American,http://en.wikipedia.org/wiki/John_Fitch_(driver)
pietro_fittipaldi,Pietro,Fittipaldi,FIT,51,1996-06-25,Brazilian,http://en.wikipedia.org/wiki/Pietro_Fittipaldi
fittipaldi,Christian,Fittipaldi,NaN,NaN,1971-01-18,Brazilian,http://en.wikipedia.org/wiki/Christian_Fittipaldi
emerson_fittipaldi,Emerson,Fittipaldi,NaN,NaN,1946-12-12,Brazilian,http://en.wikipedia.org/wiki/Emerson_Fittipaldi
wilson_fittipaldi,Wilson,Fittipaldi,NaN,NaN,1943-12-25,Brazilian,http://en.wikipedia.org/wiki/Wilson_Fittipaldi
fitzau,Theo,Fitzau,NaN,NaN,1923-02-10,East German,http://en.wikipedia.org/wiki/Theo_Fitzau
flaherty,Pat,Flaherty,NaN,NaN,1926-01-06,American,http://en.wikipedia.org/wiki/Pat_Flaherty_(racing_driver)
flinterman,Jan,Flinterman,NaN,NaN,1919-10-02,Dutch,http://en.wikipedia.org/wiki/Jan_Flinterman
flockhart,Ron,Flockhart,NaN,NaN,1923-06-16,British,http://en.wikipedia.org/wiki/Ron_Flockhart_(auto_racing)
fohr,Myron,Fohr,NaN,NaN,1912-06-17,American,http://en.wikipedia.org/wiki/Myron_Fohr
foitek,Gregor,Foitek,NaN,NaN,1965-03-27,Swiss,http://en.wikipedia.org/wiki/Gregor_Foitek
follmer,George,Follmer,NaN,NaN,1934-01-27,American,http://en.wikipedia.org/wiki/George_Follmer
fonder,George,Fonder,NaN,NaN,1917-06-22,American,http://en.wikipedia.org/wiki/George_Fonder
fontana,Norberto,Fontana,NaN,NaN,1975-01-20,Argentine,http://en.wikipedia.org/wiki/Norberto_Fontana
fontes,Azdrubal,Fontes,NaN,NaN,1922-12-26,Uruguayan,http://en.wikipedia.org/wiki/Azdrubal_Fontes
forberg,Carl,Forberg,NaN,NaN,1911-03-04,American,http://en.wikipedia.org/wiki/Carl_Forberg
force,Gene,Force,NaN,NaN,1916-06-15,American,http://en.wikipedia.org/wiki/Gene_Force
forini,Franco,Forini,NaN,NaN,1958-09-22,Swiss,http://en.wikipedia.org/wiki/Franco_Forini
parker,Philip,Fotheringham-Parker,NaN,NaN,1907-09-22,British,http://en.wikipedia.org/wiki/Philip_Fotheringham-Parker
foyt,Anthony,Foyt,NaN,NaN,1935-01-16,American,http://en.wikipedia.org/wiki/A.J._Foyt
gimax,Carlo,Franchi,NaN,NaN,1938-01-01,Italian,http://en.wikipedia.org/wiki/Gimax
francia,Giorgio,Francia,NaN,NaN,1947-11-08,Italian,http://en.wikipedia.org/wiki/Giorgio_Francia
freeland,Don,Freeland,NaN,NaN,1925-03-25,American,http://en.wikipedia.org/wiki/Don_Freeland
frentzen,Heinz-Harald,Frentzen,NaN,NaN,1967-05-18,German,http://en.wikipedia.org/wiki/Heinz-Harald_Frentzen
frere,Paul,Frère,NaN,NaN,1917-01-30,Belgian,http://en.wikipedia.org/wiki/Paul_Fr%C3%A8re
friesacher,Patrick,Friesacher,FRI,NaN,1980-09-26,Austrian,http://en.wikipedia.org/wiki/Patrick_Friesacher
fry,Joe,Fry,NaN,NaN,1915-10-26,British,http://en.wikipedia.org/wiki/Joe_Fry
fushida,Hiroshi,Fushida,NaN,NaN,1946-03-10,Japanese,http://en.wikipedia.org/wiki/Hiroshi_Fushida
gabbiani,Beppe,Gabbiani,NaN,NaN,1957-01-02,Italian,http://en.wikipedia.org/wiki/Beppe_Gabbiani
gachot,Bertrand,Gachot,NaN,NaN,1962-12-23,Belgian,http://en.wikipedia.org/wiki/Bertrand_Gachot
gaillard,Patrick,Gaillard,NaN,NaN,1952-02-12,French,http://en.wikipedia.org/wiki/Patrick_Gaillard
galica,Divina,Galica,NaN,NaN,1944-08-13,British,http://en.wikipedia.org/wiki/Divina_Galica
galli,Nanni,Galli,NaN,NaN,1940-10-02,Italian,http://en.wikipedia.org/wiki/Nanni_Galli
galvez,Oscar,Gálvez,NaN,NaN,1913-08-17,Argentine,http://en.wikipedia.org/wiki/%C3%93scar_Alfredo_G%C3%A1lvez
gamble,Fred,Gamble,NaN,NaN,1932-03-17,American,http://en.wikipedia.org/wiki/Fred_Gamble_(racing_driver)
ganley,Howden,Ganley,NaN,NaN,1941-12-24,New Zealander,http://en.wikipedia.org/wiki/Howden_Ganley
gardner,Frank,Gardner,NaN,NaN,1930-10-01,Australian,http://en.wikipedia.org/wiki/Frank_Gardner_(driver)
garrett,Billy,Garrett,NaN,NaN,1933-04-24,American,http://en.wikipedia.org/wiki/Billy_Garrett
gartner,Jo,Gartner,NaN,NaN,1954-01-24,Austrian,http://en.wikipedia.org/wiki/Jo_Gartner
gasly,Pierre,Gasly,GAS,10,1996-02-07,French,http://en.wikipedia.org/wiki/Pierre_Gasly
gaze,Tony,Gaze,NaN,NaN,1920-02-03,Australian,http://en.wikipedia.org/wiki/Tony_Gaze
gendebien,Olivier,Gendebien,NaN,NaN,1924-01-12,Belgian,http://en.wikipedia.org/wiki/Olivier_Gendebien
gene,Marc,Gené,NaN,NaN,1974-03-29,Spanish,http://en.wikipedia.org/wiki/Marc_Gen%C3%A9
george,Elmer,George,NaN,NaN,1928-07-15,American,http://en.wikipedia.org/wiki/Elmer_George
gerard,Bob,Gerard,NaN,NaN,1914-01-19,British,http://en.wikipedia.org/wiki/Bob_Gerard
gerini,Gerino,Gerini,NaN,NaN,1928-08-10,Italian,http://en.wikipedia.org/wiki/Gerino_Gerini_(racing_driver)
gethin,Peter,Gethin,NaN,NaN,1940-02-21,British,http://en.wikipedia.org/wiki/Peter_Gethin
ghinzani,Piercarlo,Ghinzani,NaN,NaN,1952-01-16,Italian,http://en.wikipedia.org/wiki/Piercarlo_Ghinzani
giacomelli,Bruno,Giacomelli,NaN,NaN,1952-09-10,Italian,http://en.wikipedia.org/wiki/Bruno_Giacomelli
gibson,Dick,Gibson,NaN,NaN,1918-04-16,British,http://en.wikipedia.org/wiki/Dick_Gibson
ginther,Richie,Ginther,NaN,NaN,1930-08-05,American,http://en.wikipedia.org/wiki/Richie_Ginther
giovinazzi,Antonio,Giovinazzi,GIO,99,1993-12-14,Italian,http://en.wikipedia.org/wiki/Antonio_Giovinazzi
giunti,Ignazio,Giunti,NaN,NaN,1941-08-30,Italian,http://en.wikipedia.org/wiki/Ignazio_Giunti
glock,Timo,Glock,GLO,NaN,1982-03-18,German,http://en.wikipedia.org/wiki/Timo_Glock
godia,Paco,Godia,NaN,NaN,1921-03-21,Spanish,http://en.wikipedia.org/wiki/Paco_Godia
goethals,Christian,Goethals,NaN,NaN,1928-08-04,Belgian,http://en.wikipedia.org/wiki/Christian_Goethals
goldsmith,Paul,Goldsmith,NaN,NaN,1925-10-02,American,http://en.wikipedia.org/wiki/Paul_Goldsmith
gonzalez,José Froilán,González,NaN,NaN,1922-10-05,Argentine,http://en.wikipedia.org/wiki/Jos%C3%A9_Froil%C3%A1n_Gonz%C3%A1lez
oscar_gonzalez,Óscar,González,NaN,NaN,1923-11-10,Uruguayan,http://en.wikipedia.org/wiki/%C3%93scar_Gonz%C3%A1lez_(racing_driver)
gordini,Aldo,Gordini,NaN,NaN,1921-05-20,French,http://en.wikipedia.org/wiki/Aldo_Gordini
gould,Horace,Gould,NaN,NaN,1918-09-20,British,http://en.wikipedia.org/wiki/Horace_Gould
gounon,Jean-Marc,Gounon,NaN,NaN,1963-01-01,French,http://en.wikipedia.org/wiki/Jean-Marc_Gounon
green,Cecil,Green,NaN,NaN,1919-09-30,American,http://en.wikipedia.org/wiki/Cecil_Green
greene,Keith,Greene,NaN,NaN,1938-01-05,British,http://en.wikipedia.org/wiki/Keith_Greene
gregory,Masten,Gregory,NaN,NaN,1932-02-29,American,http://en.wikipedia.org/wiki/Masten_Gregory
griffith,Cliff,Griffith,NaN,NaN,1916-02-06,American,http://en.wikipedia.org/wiki/Cliff_Griffith
grignard,Georges,Grignard,NaN,NaN,1905-07-25,French,http://en.wikipedia.org/wiki/Georges_Grignard
grim,Bobby,Grim,NaN,NaN,1924-09-04,American,http://en.wikipedia.org/wiki/Bobby_Grim
grosjean,Romain,Grosjean,GRO,8,1986-04-17,French,http://en.wikipedia.org/wiki/Romain_Grosjean
grouillard,Olivier,Grouillard,NaN,NaN,1958-09-02,French,http://en.wikipedia.org/wiki/Olivier_Grouillard
gubby,Brian,Gubby,NaN,NaN,1934-04-17,British,http://en.wikipedia.org/wiki/Brian_Gubby
guelfi,André,Guelfi,NaN,NaN,1919-05-06,French,http://en.wikipedia.org/wiki/Andr%C3%A9_Guelfi
guerra,Miguel Ángel,Guerra,NaN,NaN,1953-08-31,Argentine,http://en.wikipedia.org/wiki/Miguel_Angel_Guerra
guerrero,Roberto,Guerrero,NaN,NaN,1958-11-16,Colombian,http://en.wikipedia.org/wiki/Roberto_Guerrero
gugelmin,Maurício,Gugelmin,NaN,NaN,1963-04-20,Brazilian,http://en.wikipedia.org/wiki/Maur%C3%ADcio_Gugelmin
gurney,Dan,Gurney,NaN,NaN,1931-04-13,American,http://en.wikipedia.org/wiki/Dan_Gurney
gutierrez,Esteban,Gutiérrez,GUT,21,1991-08-05,Mexican,http://en.wikipedia.org/wiki/Esteban_Guti%C3%A9rrez
hahne,Hubert,Hahne,NaN,NaN,1935-03-28,German,http://en.wikipedia.org/wiki/Hubert_Hahne
hailwood,Mike,Hailwood,NaN,NaN,1940-04-02,British,http://en.wikipedia.org/wiki/Mike_Hailwood
hakkinen,Mika,Häkkinen,NaN,NaN,1968-09-28,Finnish,http://en.wikipedia.org/wiki/Mika_H%C3%A4kkinen
halford,Bruce,Halford,NaN,NaN,1931-05-18,British,http://en.wikipedia.org/wiki/Bruce_Halford
hall,Jim,Hall,NaN,NaN,1935-07-23,American,http://en.wikipedia.org/wiki/Jim_Hall_(race_car_driver)
duncan_hamilton,Duncan,Hamilton,NaN,NaN,1920-04-30,British,http://en.wikipedia.org/wiki/Duncan_Hamilton_(racing_driver)
hamilton,Lewis,Hamilton,HAM,44,1985-01-07,British,http://en.wikipedia.org/wiki/Lewis_Hamilton
hampshire,David,Hampshire,NaN,NaN,1917-12-29,British,http://en.wikipedia.org/wiki/David_Hampshire
hanks,Sam,Hanks,NaN,NaN,1914-07-13,American,http://en.wikipedia.org/wiki/Sam_Hanks
hansgen,Walt,Hansgen,NaN,NaN,1919-10-28,American,http://en.wikipedia.org/wiki/Walt_Hansgen
harris,Mike,Harris,NaN,NaN,1939-05-25,South African,http://en.wikipedia.org/wiki/Mike_Harris_(race_car_driver)
harrison,Cuth,Harrison,NaN,NaN,1906-07-06,British,http://en.wikipedia.org/wiki/Cuth_Harrison
hart,Brian,Hart,NaN,NaN,1936-09-07,British,http://en.wikipedia.org/wiki/Brian_Hart
hartley,Gene,Hartley,NaN,NaN,1926-01-28,American,http://en.wikipedia.org/wiki/Gene_Hartley
brendon_hartley,Brendon,Hartley,HAR,28,1989-11-10,New Zealander,http://en.wikipedia.org/wiki/Brendon_Hartley
haryanto,Rio,Haryanto,HAR,88,1993-01-22,Indonesian,http://en.wikipedia.org/wiki/Rio_Haryanto
hasemi,Masahiro,Hasemi,NaN,NaN,1945-11-13,Japanese,http://en.wikipedia.org/wiki/Masahiro_Hasemi
hattori,Naoki,Hattori,NaN,NaN,1966-06-13,Japanese,http://en.wikipedia.org/wiki/Naoki_Hattori
hawkins,Paul,Hawkins,NaN,NaN,1937-10-12,Australian,http://en.wikipedia.org/wiki/Paul_Hawkins_(racing_driver)
hawthorn,Mike,Hawthorn,NaN,NaN,1929-04-10,British,http://en.wikipedia.org/wiki/Mike_Hawthorn
heeks,Willi,Heeks,NaN,NaN,1922-02-13,German,http://en.wikipedia.org/wiki/Willi_Heeks
heidfeld,Nick,Heidfeld,HEI,NaN,1977-05-10,German,http://en.wikipedia.org/wiki/Nick_Heidfeld
helfrich,Theo,Helfrich,NaN,NaN,1913-05-13,German,http://en.wikipedia.org/wiki/Theo_Helfrich
hellings,Mack,Hellings,NaN,NaN,1915-09-14,American,http://en.wikipedia.org/wiki/Mack_Hellings
henton,Brian,Henton,NaN,NaN,1946-09-19,British,http://en.wikipedia.org/wiki/Brian_Henton
herbert,Johnny,Herbert,NaN,NaN,1964-06-25,British,http://en.wikipedia.org/wiki/Johnny_Herbert
herman,Al,Herman,NaN,NaN,1927-03-15,American,http://en.wikipedia.org/wiki/Al_Herman
herrmann,Hans,Herrmann,NaN,NaN,1928-02-23,German,http://en.wikipedia.org/wiki/Hans_Herrmann
hesnault,François,Hesnault,NaN,NaN,1956-12-30,French,http://en.wikipedia.org/wiki/Fran%C3%A7ois_Hesnault
heyer,Hans,Heyer,NaN,NaN,1943-03-16,German,http://en.wikipedia.org/wiki/Hans_Heyer
damon_hill,Damon,Hill,NaN,NaN,1960-09-17,British,http://en.wikipedia.org/wiki/Damon_Hill
hill,Graham,Hill,NaN,NaN,1929-02-15,British,http://en.wikipedia.org/wiki/Graham_Hill
phil_hill,Phil,Hill,NaN,NaN,1927-04-20,American,http://en.wikipedia.org/wiki/Phil_Hill
hirt,Peter,Hirt,NaN,NaN,1910-03-30,Swiss,http://en.wikipedia.org/wiki/Peter_Hirt
hobbs,David,Hobbs,NaN,NaN,1939-06-09,British,http://en.wikipedia.org/wiki/David_Hobbs_(racing_driver)
hocking,Gary,Hocking,NaN,NaN,1937-09-30,Rhodesian,http://en.wikipedia.org/wiki/Gary_Hocking
hoffmann,Ingo,Hoffmann,NaN,NaN,1953-02-28,Brazilian,http://en.wikipedia.org/wiki/Ingo_Hoffmann
holland,Bill,Holland,NaN,NaN,1907-12-18,American,http://en.wikipedia.org/wiki/Bill_Holland
holmes,Jackie,Holmes,NaN,NaN,1920-09-04,American,http://en.wikipedia.org/wiki/Jackie_Holmes
homeier,Bill,Homeier,NaN,NaN,1918-08-31,American,http://en.wikipedia.org/wiki/Bill_Homeier
hoshino,Kazuyoshi,Hoshino,NaN,NaN,1947-07-01,Japanese,http://en.wikipedia.org/wiki/Kazuyoshi_Hoshino
hoyt,Jerry,Hoyt,NaN,NaN,1929-01-29,American,http://en.wikipedia.org/wiki/Jerry_Hoyt
hulkenberg,Nico,Hülkenberg,HUL,27,1987-08-19,German,http://en.wikipedia.org/wiki/Nico_H%C3%BClkenberg
hulme,Denny,Hulme,NaN,NaN,1936-06-18,New Zealander,http://en.wikipedia.org/wiki/Denny_Hulme
hunt,James,Hunt,NaN,NaN,1947-08-29,British,http://en.wikipedia.org/wiki/James_Hunt
hurtubise,Jim,Hurtubise,NaN,NaN,1932-12-05,American,http://en.wikipedia.org/wiki/Jim_Hurtubise
hutchison,Gus,Hutchison,NaN,NaN,1937-04-26,American,http://en.wikipedia.org/wiki/Gus_Hutchison
ickx,Jacky,Ickx,NaN,NaN,1945-01-01,Belgian,http://en.wikipedia.org/wiki/Jacky_Ickx
ide,Yuji,Ide,IDE,NaN,1975-01-21,Japanese,http://en.wikipedia.org/wiki/Yuji_Ide
iglesias,Jesús,Iglesias,NaN,NaN,1922-02-22,Argentine,http://en.wikipedia.org/wiki/Jes%C3%BAs_Iglesias
inoue,Taki,Inoue,NaN,NaN,1963-09-05,Japanese,http://en.wikipedia.org/wiki/Taki_Inoue
ireland,Innes,Ireland,NaN,NaN,1930-06-12,British,http://en.wikipedia.org/wiki/Innes_Ireland
irvine,Eddie,Irvine,NaN,NaN,1965-11-10,British,http://en.wikipedia.org/wiki/Eddie_Irvine
irwin,Chris,Irwin,NaN,NaN,1942-06-27,British,http://en.wikipedia.org/wiki/Chris_Irwin
jabouille,Jean-Pierre,Jabouille,NaN,NaN,1942-10-01,French,http://en.wikipedia.org/wiki/Jean-Pierre_Jabouille
jackson,Jimmy,Jackson,NaN,NaN,1910-07-25,American,http://en.wikipedia.org/wiki/Jimmy_Jackson_(driver)
james,Joe,James,NaN,NaN,1925-05-23,American,http://en.wikipedia.org/wiki/Joe_James_(racing_driver)
john_james,John,James,NaN,NaN,1914-05-10,British,http://en.wikipedia.org/wiki/John_James_(auto_racer)
jarier,Jean-Pierre,Jarier,NaN,NaN,1946-07-10,French,http://en.wikipedia.org/wiki/Jean-Pierre_Jarier
lehto,Jyrki,Järvilehto,NaN,NaN,1966-01-31,Finnish,http://en.wikipedia.org/wiki/Jyrki_J%C3%A4rvilehto
jean,Max,Jean,NaN,NaN,1943-07-27,French,http://en.wikipedia.org/wiki/Max_Jean
johansson,Stefan,Johansson,NaN,NaN,1956-09-08,Swedish,http://en.wikipedia.org/wiki/Stefan_Johansson
johnson,Eddie,Johnson,NaN,NaN,1919-02-10,American,http://en.wikipedia.org/wiki/Eddie_Johnson_(auto_racer)
leslie_johnson,Leslie,Johnson,NaN,NaN,1912-03-22,British,http://en.wikipedia.org/wiki/Leslie_Johnson_(racing_driver)
johnstone,Bruce,Johnstone,NaN,NaN,1937-01-30,South African,http://en.wikipedia.org/wiki/Bruce_Johnstone_(racing_driver)
jones,Alan,Jones,NaN,NaN,1946-11-02,Australian,http://en.wikipedia.org/wiki/Alan_Jones_(Formula_1)
tom_jones,Tom,Jones,NaN,NaN,1943-04-26,American,http://en.wikipedia.org/wiki/Tom_Jones_(auto_racer)
jover,Juan,Jover,NaN,NaN,1903-11-23,Spanish,http://en.wikipedia.org/wiki/Juan_Jover
karch,Oswald,Karch,NaN,NaN,1917-03-06,German,http://en.wikipedia.org/wiki/Oswald_Karch
karthikeyan,Narain,Karthikeyan,KAR,NaN,1977-01-14,Indian,http://en.wikipedia.org/wiki/Narain_Karthikeyan
katayama,Ukyo,Katayama,NaN,NaN,1963-05-29,Japanese,http://en.wikipedia.org/wiki/Ukyo_Katayama
kavanagh,Ken,Kavanagh,NaN,NaN,1923-12-12,Australian,http://en.wikipedia.org/wiki/Ken_Kavanagh
keegan,Rupert,Keegan,NaN,NaN,1955-02-26,British,http://en.wikipedia.org/wiki/Rupert_Keegan
keizan,Eddie,Keizan,NaN,NaN,1944-09-12,South African,http://en.wikipedia.org/wiki/Eddie_Keizan
keller,Al,Keller,NaN,NaN,1920-04-11,American,http://en.wikipedia.org/wiki/Al_Keller
kelly,Joe,Kelly,NaN,NaN,1913-03-13,Irish,http://en.wikipedia.org/wiki/Joe_Kelly_(Formula_One)
kennedy,Dave,Kennedy,NaN,NaN,1953-01-15,Irish,http://en.wikipedia.org/wiki/David_Kennedy_(racing_driver)
kessel,Loris,Kessel,NaN,NaN,1950-04-01,Swiss,http://en.wikipedia.org/wiki/Loris_Kessel
kessler,Bruce,Kessler,NaN,NaN,1936-03-23,American,http://en.wikipedia.org/wiki/Bruce_Kessler
kiesa,Nicolas,Kiesa,NaN,NaN,1978-03-03,Danish,http://en.wikipedia.org/wiki/Nicolas_Kiesa
kinnunen,Leo,Kinnunen,NaN,NaN,1943-08-05,Finnish,http://en.wikipedia.org/wiki/Leo_Kinnunen
kladis,Danny,Kladis,NaN,NaN,1917-02-10,American,http://en.wikipedia.org/wiki/Danny_Kladis
klenk,Hans,Klenk,NaN,NaN,1919-10-28,German,http://en.wikipedia.org/wiki/Hans_Klenk
klien,Christian,Klien,KLI,NaN,1983-02-07,Austrian,http://en.wikipedia.org/wiki/Christian_Klien
kling,Karl,Kling,NaN,NaN,1910-09-16,German,http://en.wikipedia.org/wiki/Karl_Kling
klodwig,Ernst,Klodwig,NaN,NaN,1903-05-23,East German,http://en.wikipedia.org/wiki/Ernst_Klodwig
kobayashi,Kamui,Kobayashi,KOB,10,1986-09-13,Japanese,http://en.wikipedia.org/wiki/Kamui_Kobayashi
koinigg,Helmuth,Koinigg,NaN,NaN,1948-11-03,Austrian,http://en.wikipedia.org/wiki/Helmuth_Koinigg
kovalainen,Heikki,Kovalainen,KOV,NaN,1981-10-19,Finnish,http://en.wikipedia.org/wiki/Heikki_Kovalainen
kozarowitzky,Mikko,Kozarowitzky,NaN,NaN,1948-05-17,Finnish,http://en.wikipedia.org/wiki/Mikko_Kozarowitzky
krause,Rudolf,Krause,NaN,NaN,1907-03-30,East German,http://en.wikipedia.org/wiki/Rudolf_Krause
kubica,Robert,Kubica,KUB,88,1984-12-07,Polish,http://en.wikipedia.org/wiki/Robert_Kubica
kuhnke,Kurt,Kuhnke,NaN,NaN,1910-04-30,German,http://en.wikipedia.org/wiki/Kurt_Kuhnke
kvyat,Daniil,Kvyat,KVY,26,1994-04-26,Russian,http://en.wikipedia.org/wiki/Daniil_Kvyat
la_caze,Robert,La Caze,NaN,NaN,1917-02-26,French,http://en.wikipedia.org/wiki/Robert_La_Caze
laffite,Jacques,Laffite,NaN,NaN,1943-11-21,French,http://en.wikipedia.org/wiki/Jacques_Laffite
lagorce,Franck,Lagorce,NaN,NaN,1968-09-01,French,http://en.wikipedia.org/wiki/Franck_Lagorce
lammers,Jan,Lammers,NaN,NaN,1956-06-02,Dutch,http://en.wikipedia.org/wiki/Jan_Lammers
lamy,Pedro,Lamy,NaN,NaN,1972-03-20,Portuguese,http://en.wikipedia.org/wiki/Pedro_Lamy
landi,Chico,Landi,NaN,NaN,1907-07-14,Brazilian,http://en.wikipedia.org/wiki/Chico_Landi
lang,Hermann,Lang,NaN,NaN,1909-04-06,German,http://en.wikipedia.org/wiki/Hermann_Lang
langes,Claudio,Langes,NaN,NaN,1960-07-20,Italian,http://en.wikipedia.org/wiki/Claudio_Langes
larini,Nicola,Larini,NaN,NaN,1964-03-19,Italian,http://en.wikipedia.org/wiki/Nicola_Larini
larrauri,Oscar,Larrauri,NaN,NaN,1954-08-19,Argentine,http://en.wikipedia.org/wiki/Oscar_Larrauri
larreta,Alberto Rodriguez,Larreta,NaN,NaN,1934-01-14,Argentine,http://en.wikipedia.org/wiki/Alberto_Rodriguez_Larreta
larrousse,Gérard,Larrousse,NaN,NaN,1940-05-23,French,http://en.wikipedia.org/wiki/G%C3%A9rard_Larrousse
larson,Jud,Larson,NaN,NaN,1923-01-21,American,http://en.wikipedia.org/wiki/Jud_Larson
latifi,Nicholas,Latifi,LAT,6,1995-06-29,Canadian,http://en.wikipedia.org/wiki/Nicholas_Latifi
lauda,Niki,Lauda,NaN,NaN,1949-02-22,Austrian,http://en.wikipedia.org/wiki/Niki_Lauda
laurent,Roger,Laurent,NaN,NaN,1913-02-21,Belgian,http://en.wikipedia.org/wiki/Roger_Laurent
lavaggi,Giovanni,Lavaggi,NaN,NaN,1958-02-18,Italian,http://en.wikipedia.org/wiki/Giovanni_Lavaggi
lawrence,Chris,Lawrence,NaN,NaN,1933-07-27,British,http://en.wikipedia.org/wiki/Chris_Lawrence_(racing_driver)
lawson,Liam,Lawson,LAW,30,2002-02-11,New Zealander,http://en.wikipedia.org/wiki/Liam_Lawson
leclerc,Charles,Leclerc,LEC,16,1997-10-16,Monegasque,http://en.wikipedia.org/wiki/Charles_Leclerc
leclere,Michel,Leclère,NaN,NaN,1946-03-18,French,http://en.wikipedia.org/wiki/Michel_Lecl%C3%A8re
lederle,Neville,Lederle,NaN,NaN,1938-09-25,South African,http://en.wikipedia.org/wiki/Neville_Lederle
lees,Geoff,Lees,NaN,NaN,1951-05-01,British,http://en.wikipedia.org/wiki/Geoff_Lees
legat,Arthur,Legat,NaN,NaN,1898-11-01,Belgian,http://en.wikipedia.org/wiki/Arthur_Legat
leoni,Lamberto,Leoni,NaN,NaN,1953-05-24,Italian,http://en.wikipedia.org/wiki/Lamberto_Leoni
leston,Les,Leston,NaN,NaN,1920-12-16,British,http://en.wikipedia.org/wiki/Les_Leston
levegh,Pierre,Levegh,NaN,NaN,1905-12-22,French,http://en.wikipedia.org/wiki/Pierre_Levegh
levrett,Bayliss,Levrett,NaN,NaN,1914-02-14,American,http://en.wikipedia.org/wiki/Bayliss_Levrett
lewis,Jackie,Lewis,NaN,NaN,1936-11-01,British,http://en.wikipedia.org/wiki/Jackie_Lewis
lewis-evans,Stuart,Lewis-Evans,NaN,NaN,1930-04-20,British,http://en.wikipedia.org/wiki/Stuart_Lewis-Evans
ligier,Guy,Ligier,NaN,NaN,1930-07-12,French,http://en.wikipedia.org/wiki/Guy_Ligier
linden,Andy,Linden,NaN,NaN,1922-04-05,American,http://en.wikipedia.org/wiki/Andy_Linden_(racing_driver)
lippi,Roberto,Lippi,NaN,NaN,1926-10-17,Italian,http://en.wikipedia.org/wiki/Roberto_Lippi
liuzzi,Vitantonio,Liuzzi,LIU,NaN,1980-08-06,Italian,http://en.wikipedia.org/wiki/Vitantonio_Liuzzi
lombardi,Lella,Lombardi,NaN,NaN,1941-03-26,Italian,http://en.wikipedia.org/wiki/Lella_Lombardi
londono,Ricardo,Londoño,NaN,NaN,1949-08-08,Colombian,http://en.wikipedia.org/wiki/Ricardo_Londo%C3%B1o
loof,Ernst,Loof,NaN,NaN,1907-07-04,German,http://en.wikipedia.org/wiki/Ernst_Loof
lotterer,André,Lotterer,LOT,45,1981-11-19,German,http://en.wikipedia.org/wiki/Andr%C3%A9_Lotterer
louveau,Henri,Louveau,NaN,NaN,1910-01-25,French,http://en.wikipedia.org/wiki/Henri_Louveau
love,John,Love,NaN,NaN,1924-12-07,Rhodesian,http://en.wikipedia.org/wiki/John_Love_(racing_driver)
lovely,Pete,Lovely,NaN,NaN,1926-04-11,American,http://en.wikipedia.org/wiki/Pete_Lovely
loyer,Roger,Loyer,NaN,NaN,1907-08-05,French,http://en.wikipedia.org/wiki/Roger_Loyer
lucas,Jean,Lucas,NaN,NaN,1917-04-25,French,http://en.wikipedia.org/wiki/Jean_Lucas
lucienbonnet,Jean,Lucienbonnet,NaN,NaN,1923-01-07,French,http://en.wikipedia.org/wiki/Jean_Lucienbonnet
lunger,Brett,Lunger,NaN,NaN,1945-11-14,American,http://en.wikipedia.org/wiki/Brett_Lunger
hayje,Boy,Lunger,NaN,NaN,1949-05-03,Dutch,http://en.wikipedia.org/wiki/Boy_Hayje
macdowel,Mike,MacDowel,NaN,NaN,1932-09-13,British,http://en.wikipedia.org/wiki/Mike_MacDowel
mackay-fraser,Herbert,MacKay-Fraser,NaN,NaN,1927-06-23,American,http://en.wikipedia.org/wiki/Herbert_MacKay-Fraser
mackey,Bill,Mackey,NaN,NaN,1927-12-15,American,http://en.wikipedia.org/wiki/Bill_Mackey
macklin,Lance,Macklin,NaN,NaN,1919-09-02,British,http://en.wikipedia.org/wiki/Lance_Macklin
magee,Damien,Magee,NaN,NaN,1945-11-17,British,http://en.wikipedia.org/wiki/Damien_Magee
maggs,Tony,Maggs,NaN,NaN,1937-02-09,South African,http://en.wikipedia.org/wiki/Tony_Maggs
magill,Mike,Magill,NaN,NaN,1920-02-08,American,http://en.wikipedia.org/wiki/Mike_Magill
maglioli,Umberto,Maglioli,NaN,NaN,1928-06-05,Italian,http://en.wikipedia.org/wiki/Umberto_Maglioli
kevin_magnussen,Kevin,Magnussen,MAG,20,1992-10-05,Danish,http://en.wikipedia.org/wiki/Kevin_Magnussen
magnussen,Jan,Magnussen,MAG,NaN,1973-07-04,Danish,http://en.wikipedia.org/wiki/Jan_Magnussen
mairesse,Willy,Mairesse,NaN,NaN,1928-10-01,Belgian,http://en.wikipedia.org/wiki/Willy_Mairesse
guy_mairesse,Guy,Mairesse,NaN,NaN,1910-08-10,French,http://en.wikipedia.org/wiki/Guy_Mairesse
maldonado,Pastor,Maldonado,MAL,13,1985-03-09,Venezuelan,http://en.wikipedia.org/wiki/Pastor_Maldonado
mansell,Nigel,Mansell,NaN,NaN,1953-08-08,British,http://en.wikipedia.org/wiki/Nigel_Mansell
mantovani,Sergio,Mantovani,NaN,NaN,1929-05-22,Italian,http://en.wikipedia.org/wiki/Sergio_Mantovani
mantz,Johnny,Mantz,NaN,NaN,1918-09-18,American,http://en.wikipedia.org/wiki/Johnny_Mantz
manzon,Robert,Manzon,NaN,NaN,1917-04-12,French,http://en.wikipedia.org/wiki/Robert_Manzon
marimon,Onofre,Marimón,NaN,NaN,1923-12-19,Argentine,http://en.wikipedia.org/wiki/Onofre_Marim%C3%B3n
marko,Helmut,Marko,NaN,NaN,1943-04-27,Austrian,http://en.wikipedia.org/wiki/Helmut_Marko
marques,Tarso,Marques,NaN,NaN,1976-01-19,Brazilian,http://en.wikipedia.org/wiki/Tarso_Marques
marr,Leslie,Marr,NaN,NaN,1922-08-14,British,http://en.wikipedia.org/wiki/Leslie_Marr
marsh,Tony,Marsh,NaN,NaN,1931-07-20,British,http://en.wikipedia.org/wiki/Tony_Marsh_(racing_driver)
martin,Eugène,Martin,NaN,NaN,1915-03-24,French,http://en.wikipedia.org/wiki/Eug%C3%A8ne_Martin
martini,Pierluigi,Martini,NaN,NaN,1961-04-23,Italian,http://en.wikipedia.org/wiki/Pierluigi_Martini
mass,Jochen,Mass,NaN,NaN,1946-09-30,German,http://en.wikipedia.org/wiki/Jochen_Mass
massa,Felipe,Massa,MAS,19,1981-04-25,Brazilian,http://en.wikipedia.org/wiki/Felipe_Massa
may,Michael,May,NaN,NaN,1934-08-18,Swiss,http://en.wikipedia.org/wiki/Michael_May_(racing_driver)
mayer,Timmy,Mayer,NaN,NaN,1938-02-22,American,http://en.wikipedia.org/wiki/Timmy_Mayer
mazepin,Nikita,Mazepin,MAZ,9,1999-03-02,Russian,http://en.wikipedia.org/wiki/Nikita_Mazepin
mazet,François,Mazet,NaN,NaN,1943-02-24,French,http://en.wikipedia.org/wiki/Fran%C3%A7ois_Mazet
mazzacane,Gastón,Mazzacane,NaN,NaN,1975-05-08,Argentine,http://en.wikipedia.org/wiki/Gast%C3%B3n_Mazzacane
mcalpine,Kenneth,McAlpine,NaN,NaN,1920-09-21,British,http://en.wikipedia.org/wiki/Kenneth_McAlpine
mccarthy,Perry,McCarthy,NaN,NaN,1961-03-03,British,http://en.wikipedia.org/wiki/Perry_McCarthy
mccoy,Ernie,McCoy,NaN,NaN,1921-02-19,American,http://en.wikipedia.org/wiki/Ernie_McCoy
mcdowell,Johnny,McDowell,NaN,NaN,1915-01-29,American,http://en.wikipedia.org/wiki/Johnny_McDowell
mcgrath,Jack,McGrath,NaN,NaN,1919-10-08,American,http://en.wikipedia.org/wiki/Jack_McGrath_(racing_driver)
mcguire,Brian,McGuire,NaN,NaN,1945-12-13,Australian,http://en.wikipedia.org/wiki/Brian_McGuire
mclaren,Bruce,McLaren,NaN,NaN,1937-08-30,New Zealander,http://en.wikipedia.org/wiki/Bruce_McLaren
mcnish,Allan,McNish,NaN,NaN,1969-12-29,British,http://en.wikipedia.org/wiki/Allan_McNish
mcrae,Graham,McRae,NaN,NaN,1940-03-05,New Zealander,http://en.wikipedia.org/wiki/Graham_McRae
mcwithey,Jim,McWithey,NaN,NaN,1927-07-04,American,http://en.wikipedia.org/wiki/Jim_McWithey
menditeguy,Carlos,Menditeguy,NaN,NaN,1914-08-10,Argentine,http://en.wikipedia.org/wiki/Carlos_Menditeguy
merhi,Roberto,Merhi,MER,98,1991-03-22,Spanish,http://en.wikipedia.org/wiki/Roberto_Merhi
merzario,Arturo,Merzario,NaN,NaN,1943-03-11,Italian,http://en.wikipedia.org/wiki/Arturo_Merzario
mieres,Roberto,Mieres,NaN,NaN,1924-12-03,Argentine,http://en.wikipedia.org/wiki/Roberto_Mieres
migault,François,Migault,NaN,NaN,1944-12-04,French,http://en.wikipedia.org/wiki/Fran%C3%A7ois_Migault
miles,John,Miles,NaN,NaN,1943-06-14,British,http://en.wikipedia.org/wiki/John_Miles_(auto_racer)
ken_miles,Ken,Miles,NaN,NaN,1918-11-01,British,http://en.wikipedia.org/wiki/Ken_Miles
milhoux,André,Milhoux,NaN,NaN,1928-12-09,Belgian,http://en.wikipedia.org/wiki/Andr%C3%A9_Milhoux
miller,Chet,Miller,NaN,NaN,1902-07-19,American,http://en.wikipedia.org/wiki/Chet_Miller
mitter,Gerhard,Mitter,NaN,NaN,1935-08-30,German,http://en.wikipedia.org/wiki/Gerhard_Mitter
modena,Stefano,Modena,NaN,NaN,1963-05-12,Italian,http://en.wikipedia.org/wiki/Stefano_Modena
monarch,Thomas,Monarch,NaN,NaN,1945-09-03,American,http://en.wikipedia.org/wiki/Talk:1963_Mexican_Grand_Prix#Who_was_Thomas_Monarch.3F
montagny,Franck,Montagny,FMO,NaN,1978-01-05,French,http://en.wikipedia.org/wiki/Franck_Montagny
monteiro,Tiago,Monteiro,TMO,NaN,1976-07-24,Portuguese,http://en.wikipedia.org/wiki/Tiago_Monteiro
montermini,Andrea,Montermini,NaN,NaN,1964-05-30,Italian,http://en.wikipedia.org/wiki/Andrea_Montermini
monteverdi,Peter,Monteverdi,NaN,NaN,1934-06-07,Swiss,http://en.wikipedia.org/wiki/Peter_Monteverdi
charrington,Robin,Montgomerie-Charrington,NaN,NaN,1915-06-23,British,http://en.wikipedia.org/wiki/Robin_Montgomerie-Charrington
morbidelli,Gianni,Morbidelli,NaN,NaN,1968-01-13,Italian,http://en.wikipedia.org/wiki/Gianni_Morbidelli
moreno,Roberto,Moreno,NaN,NaN,1959-02-11,Brazilian,http://en.wikipedia.org/wiki/Roberto_Moreno
morgan,Dave,Morgan,NaN,NaN,1944-08-07,British,http://en.wikipedia.org/wiki/Dave_Morgan_(racing_driver)
moser,Silvio,Moser,NaN,NaN,1941-04-24,Swiss,http://en.wikipedia.org/wiki/Silvio_Moser
moss,Stirling,Moss,NaN,NaN,1929-09-17,British,http://en.wikipedia.org/wiki/Stirling_Moss
bill_moss,Bill,Moss,NaN,NaN,1933-09-04,British,http://en.wikipedia.org/wiki/Bill_Moss_(racing_driver)
munaron,Gino,Munaron,NaN,NaN,1928-04-02,Italian,http://en.wikipedia.org/wiki/Gino_Munaron
murray,David,Murray,NaN,NaN,1909-12-28,British,http://en.wikipedia.org/wiki/David_Murray_(driver)
musso,Luigi,Musso,NaN,NaN,1924-07-28,Italian,http://en.wikipedia.org/wiki/Luigi_Musso
nakajima,Kazuki,Nakajima,NAK,NaN,1985-01-11,Japanese,http://en.wikipedia.org/wiki/Kazuki_Nakajima
satoru_nakajima,Satoru,Nakajima,NaN,NaN,1953-02-23,Japanese,http://en.wikipedia.org/wiki/Satoru_Nakajima
nakano,Shinji,Nakano,NaN,NaN,1971-04-01,Japanese,http://en.wikipedia.org/wiki/Shinji_Nakano
nalon,Duke,Nalon,NaN,NaN,1913-03-02,American,http://en.wikipedia.org/wiki/Duke_Nalon
nannini,Alessandro,Nannini,NaN,NaN,1959-07-07,Italian,http://en.wikipedia.org/wiki/Alessandro_Nannini
naspetti,Emanuele,Naspetti,NaN,NaN,1968-02-24,Italian,http://en.wikipedia.org/wiki/Emanuele_Naspetti
nasr,Felipe,Nasr,NAS,12,1992-08-21,Brazilian,http://en.wikipedia.org/wiki/Felipe_Nasr
natili,Massimo,Natili,NaN,NaN,1935-07-28,Italian,http://en.wikipedia.org/wiki/Massimo_Natili
naylor,Brian,Naylor,NaN,NaN,1923-03-24,British,http://en.wikipedia.org/wiki/Brian_Naylor
nazaruk,Mike,Nazaruk,NaN,NaN,1921-10-02,American,http://en.wikipedia.org/wiki/Mike_Nazaruk
needell,Tiff,Needell,NaN,NaN,1951-10-29,British,http://en.wikipedia.org/wiki/Tiff_Needell
nelleman,Jac,Nelleman,NaN,NaN,1944-04-19,Danish,http://en.wikipedia.org/wiki/Jac_Nelleman
neve,Patrick,Nève,NaN,NaN,1949-10-13,Belgian,http://en.wikipedia.org/wiki/Patrick_Neve
nicholson,John,Nicholson,NaN,NaN,1941-10-06,New Zealander,http://en.wikipedia.org/wiki/John_Nicholson_(racing_driver)
niday,Cal,Niday,NaN,NaN,1914-04-29,American,http://en.wikipedia.org/wiki/Cal_Niday
niedermayr,Helmut,Niedermayr,NaN,NaN,1915-11-29,German,http://en.wikipedia.org/wiki/Helmut_Niedermayr
niemann,Brausch,Niemann,NaN,NaN,1939-01-07,South African,http://en.wikipedia.org/wiki/Brausch_Niemann
nilsson,Gunnar,Nilsson,NaN,NaN,1948-11-20,Swedish,http://en.wikipedia.org/wiki/Gunnar_Nilsson
noda,Hideki,Noda,NaN,NaN,1969-03-07,Japanese,http://en.wikipedia.org/wiki/Hideki_Noda
norris,Lando,Norris,NOR,4,1999-11-13,British,http://en.wikipedia.org/wiki/Lando_Norris
nuckey,Rodney,Nuckey,NaN,NaN,1929-06-26,British,http://en.wikipedia.org/wiki/Rodney_Nuckey
obrien,Robert,O'Brien,NaN,NaN,1908-04-11,American,http://en.wikipedia.org/wiki/Robert_O%27Brien_(auto_racer)
connor,Pat,O'Connor,NaN,NaN,1928-10-09,American,http://en.wikipedia.org/wiki/Pat_O%27Connor_(auto_racer)
ocon,Esteban,Ocon,OCO,31,1996-09-17,French,http://en.wikipedia.org/wiki/Esteban_Ocon
oliver,Jackie,Oliver,NaN,NaN,1942-08-14,British,http://en.wikipedia.org/wiki/Jackie_Oliver
ongais,Danny,Ongais,NaN,NaN,1942-05-21,American,http://en.wikipedia.org/wiki/Danny_Ongais
owen,Arthur,Owen,NaN,NaN,1915-03-23,British,http://en.wikipedia.org/wiki/Arthur_Owen
montoya,Juan,Pablo Montoya,MON,NaN,1975-09-20,Colombian,http://en.wikipedia.org/wiki/Juan_Pablo_Montoya
pace,Carlos,Pace,NaN,NaN,1944-10-06,Brazilian,http://en.wikipedia.org/wiki/Carlos_Pace
pagani,Nello,Pagani,NaN,NaN,1911-10-11,Italian,http://en.wikipedia.org/wiki/Nello_Pagani
paletti,Riccardo,Paletti,NaN,NaN,1958-06-15,Italian,http://en.wikipedia.org/wiki/Riccardo_Paletti
palm,Torsten,Palm,NaN,NaN,1947-07-23,Swedish,http://en.wikipedia.org/wiki/Torsten_Palm
palmer,Jonathan,Palmer,NaN,NaN,1956-11-07,British,http://en.wikipedia.org/wiki/Jonathan_Palmer
jolyon_palmer,Jolyon,Palmer,PAL,30,1991-01-20,British,http://en.wikipedia.org/wiki/Jolyon_Palmer
panis,Olivier,Panis,NaN,NaN,1966-09-02,French,http://en.wikipedia.org/wiki/Olivier_Panis
pantano,Giorgio,Pantano,NaN,NaN,1979-02-04,Italian,http://en.wikipedia.org/wiki/Giorgio_Pantano
papis,Massimiliano,Papis,NaN,NaN,1969-10-03,Italian,http://en.wikipedia.org/wiki/Massimiliano_Papis
parkes,Mike,Parkes,NaN,NaN,1931-09-24,British,http://en.wikipedia.org/wiki/Mike_Parkes
parnell,Tim,Parnell,NaN,NaN,1932-06-25,British,http://en.wikipedia.org/wiki/Tim_Parnell
reg_parnell,Reg,Parnell,NaN,NaN,1911-07-02,British,http://en.wikipedia.org/wiki/Reg_Parnell
parsons,Johnnie,Parsons,NaN,NaN,1918-07-04,American,http://en.wikipedia.org/wiki/Johnnie_Parsons
patrese,Riccardo,Patrese,NaN,NaN,1954-04-17,Italian,http://en.wikipedia.org/wiki/Riccardo_Patrese
pease,Al,Pease,NaN,NaN,1921-10-15,Canadian,http://en.wikipedia.org/wiki/Al_Pease
penske,Roger,Penske,NaN,NaN,1937-02-20,American,http://en.wikipedia.org/wiki/Roger_Penske
perdisa,Cesare,Perdisa,NaN,NaN,1932-10-21,Italian,http://en.wikipedia.org/wiki/Cesare_Perdisa
perez,Sergio,Pérez,PER,11,1990-01-26,Mexican,http://en.wikipedia.org/wiki/Sergio_P%C3%A9rez
sala,Luis,Pérez-Sala,NaN,NaN,1959-05-15,Spanish,http://en.wikipedia.org/wiki/Luis_Perez-Sala
perkins,Larry,Perkins,NaN,NaN,1950-03-18,Australian,http://en.wikipedia.org/wiki/Larry_Perkins
pescarolo,Henri,Pescarolo,NaN,NaN,1942-09-25,French,http://en.wikipedia.org/wiki/Henri_Pescarolo
pesenti_rossi,Alessandro,Pesenti-Rossi,NaN,NaN,1942-08-31,Italian,http://en.wikipedia.org/wiki/Alessandro_Pesenti-Rossi
peters,Josef,Peters,NaN,NaN,1914-09-16,German,http://en.wikipedia.org/wiki/Josef_Peters_(driver)
peterson,Ronnie,Peterson,NaN,NaN,1944-02-14,Swedish,http://en.wikipedia.org/wiki/Ronnie_Peterson
petrov,Vitaly,Petrov,PET,NaN,1984-09-08,Russian,http://en.wikipedia.org/wiki/Vitaly_Petrov
pian,Alfredo,Pián,NaN,NaN,1912-10-21,Argentine,http://en.wikipedia.org/wiki/Alfredo_Pi%C3%A0n
piastri,Oscar,Piastri,PIA,81,2001-04-06,Australian,http://en.wikipedia.org/wiki/Oscar_Piastri
pic,Charles,Pic,PIC,NaN,1990-02-15,French,http://en.wikipedia.org/wiki/Charles_Pic
picard,François,Picard,NaN,NaN,1921-04-26,French,http://en.wikipedia.org/wiki/Fran%C3%A7ois_Picard
pieterse,Ernie,Pieterse,NaN,NaN,1938-07-04,South African,http://en.wikipedia.org/wiki/Ernie_Pieterse
pietsch,Paul,Pietsch,NaN,NaN,1911-06-20,German,http://en.wikipedia.org/wiki/Paul_Pietsch
andre_pilette,André,Pilette,NaN,NaN,1918-10-06,Belgian,http://en.wikipedia.org/wiki/Andr%C3%A9_Pilette
pilette,Teddy,Pilette,NaN,NaN,1942-07-26,Belgian,http://en.wikipedia.org/wiki/Teddy_Pilette
piotti,Luigi,Piotti,NaN,NaN,1913-10-27,Italian,http://en.wikipedia.org/wiki/Luigi_Piotti
piper,David,Piper,NaN,NaN,1930-12-02,British,http://en.wikipedia.org/wiki/David_Piper
piquet,Nelson,Piquet,NaN,NaN,1952-08-17,Brazilian,http://en.wikipedia.org/wiki/Nelson_Piquet
piquet_jr,Nelson,Piquet Jr.,PIQ,NaN,1985-07-25,Brazilian,"http://en.wikipedia.org/wiki/Nelson_Piquet,_Jr."
pirocchi,Renato,Pirocchi,NaN,NaN,1933-03-26,Italian,http://en.wikipedia.org/wiki/Renato_Pirocchi
pironi,Didier,Pironi,NaN,NaN,1952-03-26,French,http://en.wikipedia.org/wiki/Didier_Pironi
pirro,Emanuele,Pirro,NaN,NaN,1962-01-12,Italian,http://en.wikipedia.org/wiki/Emanuele_Pirro
pizzonia,Antônio,Pizzonia,PIZ,NaN,1980-09-11,Brazilian,http://en.wikipedia.org/wiki/Ant%C3%B4nio_Pizzonia
pollet,Jacques,Pollet,NaN,NaN,1922-07-02,French,http://en.wikipedia.org/wiki/Jacques_Pollet
pon,Ben,Pon,NaN,NaN,1936-12-09,Dutch,http://en.wikipedia.org/wiki/Ben_Pon
poore,Dennis,Poore,NaN,NaN,1916-08-19,British,http://en.wikipedia.org/wiki/Dennis_Poore
posey,Sam,Posey,NaN,NaN,1944-05-26,American,http://en.wikipedia.org/wiki/Sam_Posey
pozzi,Charles,Pozzi,NaN,NaN,1909-08-27,French,http://en.wikipedia.org/wiki/Charles_Pozzi
pretorius,Jackie,Pretorius,NaN,NaN,1934-11-22,South African,http://en.wikipedia.org/wiki/Jackie_Pretorius
prinoth,Ernesto,Prinoth,NaN,NaN,1923-04-15,Italian,http://en.wikipedia.org/wiki/Ernesto_Prinoth
prophet,David,Prophet,NaN,NaN,1937-10-09,British,http://en.wikipedia.org/wiki/David_Prophet
prost,Alain,Prost,NaN,NaN,1955-02-24,French,http://en.wikipedia.org/wiki/Alain_Prost
pryce,Tom,Pryce,NaN,NaN,1949-06-11,British,http://en.wikipedia.org/wiki/Tom_Pryce
purley,David,Purley,NaN,NaN,1945-01-26,British,http://en.wikipedia.org/wiki/David_Purley
puzey,Clive,Puzey,NaN,NaN,1941-07-11,Rhodesian,http://en.wikipedia.org/wiki/Clive_Puzey
quester,Dieter,Quester,NaN,NaN,1939-05-30,Austrian,http://en.wikipedia.org/wiki/Dieter_Quester
raby,Ian,Raby,NaN,NaN,1921-09-22,British,http://en.wikipedia.org/wiki/Ian_Raby
rahal,Bobby,Rahal,NaN,NaN,1953-01-10,American,http://en.wikipedia.org/wiki/Bobby_Rahal
raikkonen,Kimi,Räikkönen,RAI,7,1979-10-17,Finnish,http://en.wikipedia.org/wiki/Kimi_R%C3%A4ikk%C3%B6nen
raphanel,Pierre-Henri,Raphanel,NaN,NaN,1961-05-27,French,http://en.wikipedia.org/wiki/Pierre-Henri_Raphanel
rathmann,Jim,Rathmann,NaN,NaN,1928-07-16,American,http://en.wikipedia.org/wiki/Jim_Rathmann
dick_rathmann,Dick,Rathmann,NaN,NaN,1924-01-06,American,http://en.wikipedia.org/wiki/Dick_Rathmann
ratzenberger,Roland,Ratzenberger,NaN,NaN,1960-07-04,Austrian,http://en.wikipedia.org/wiki/Roland_Ratzenberger
rebaque,Hector,Rebaque,NaN,NaN,1956-02-05,Mexican,http://en.wikipedia.org/wiki/Hector_Rebaque
redman,Brian,Redman,NaN,NaN,1937-03-09,British,http://en.wikipedia.org/wiki/Brian_Redman
reece,Jimmy,Reece,NaN,NaN,1929-11-17,American,http://en.wikipedia.org/wiki/Jimmy_Reece
reed,Ray,Reed,NaN,NaN,1932-04-30,South African,http://en.wikipedia.org/wiki/Ray_Reed
rees,Alan,Rees,NaN,NaN,1938-01-12,British,http://en.wikipedia.org/wiki/Alan_Rees_(racing_driver)
regazzoni,Clay,Regazzoni,NaN,NaN,1939-09-05,Swiss,http://en.wikipedia.org/wiki/Clay_Regazzoni
reutemann,Carlos,Reutemann,NaN,NaN,1942-04-12,Argentine,http://en.wikipedia.org/wiki/Carlos_Reutemann
reventlow,Lance,Reventlow,NaN,NaN,1936-02-24,American,http://en.wikipedia.org/wiki/Lance_Reventlow
revson,Peter,Revson,NaN,NaN,1939-02-27,American,http://en.wikipedia.org/wiki/Peter_Revson
rhodes,John,Rhodes,NaN,NaN,1927-08-18,British,http://en.wikipedia.org/wiki/John_Rhodes_(driver)
ribeiro,Alex,Ribeiro,NaN,NaN,1948-11-07,Brazilian,http://en.wikipedia.org/wiki/Alex_Ribeiro
ricciardo,Daniel,Ricciardo,RIC,3,1989-07-01,Australian,http://en.wikipedia.org/wiki/Daniel_Ricciardo
richardson,Ken,Richardson,NaN,NaN,1911-08-21,British,http://en.wikipedia.org/wiki/Ken_Richardson_(race_car_driver)
riess,Fritz,Riess,NaN,NaN,1922-07-11,German,http://en.wikipedia.org/wiki/Fritz_Riess
rigsby,Jim,Rigsby,NaN,NaN,1923-06-06,American,http://en.wikipedia.org/wiki/Jim_Rigsby
rindt,Jochen,Rindt,NaN,NaN,1942-04-18,Austrian,http://en.wikipedia.org/wiki/Jochen_Rindt
riseley_prichard,John,Riseley-Prichard,NaN,NaN,1924-01-17,British,http://en.wikipedia.org/wiki/John_Riseley-Prichard
robarts,Richard,Robarts,NaN,NaN,1944-09-22,British,http://en.wikipedia.org/wiki/Richard_Robarts
rodriguez,Pedro,Rodríguez,NaN,NaN,1940-01-18,Mexican,http://en.wikipedia.org/wiki/Pedro_Rodr%C3%ADguez_(racing_driver)
ricardo_rodriguez,Ricardo,Rodríguez,NaN,NaN,1942-02-14,Mexican,http://en.wikipedia.org/wiki/Ricardo_Rodr%C3%ADguez_(Formula_One)
rol,Franco,Rol,NaN,NaN,1908-06-05,Italian,http://en.wikipedia.org/wiki/Franco_Rol
rollinson,Alan,Rollinson,NaN,NaN,1943-05-15,British,http://en.wikipedia.org/wiki/Alan_Rollinson
rolt,Tony,Rolt,NaN,NaN,1918-10-16,British,http://en.wikipedia.org/wiki/Tony_Rolt
roos,Bertil,Roos,NaN,NaN,1943-10-12,Swedish,http://en.wikipedia.org/wiki/Bertil_Roos
rosberg,Nico,Rosberg,ROS,6,1985-06-27,German,http://en.wikipedia.org/wiki/Nico_Rosberg
keke_rosberg,Keke,Rosberg,NaN,NaN,1948-12-06,Finnish,http://en.wikipedia.org/wiki/Keke_Rosberg
rose,Mauri,Rose,NaN,NaN,1906-05-26,American,http://en.wikipedia.org/wiki/Mauri_Rose
rosier,Louis,Rosier,NaN,NaN,1905-11-05,French,http://en.wikipedia.org/wiki/Louis_Rosier
rosset,Ricardo,Rosset,NaN,NaN,1968-07-27,Brazilian,http://en.wikipedia.org/wiki/Ricardo_Rosset
rossi,Alexander,Rossi,RSS,53,1991-09-25,American,http://en.wikipedia.org/wiki/Alexander_Rossi_%28racing_driver%29
rothengatter,Huub,Rothengatter,NaN,NaN,1954-10-08,Dutch,http://en.wikipedia.org/wiki/Huub_Rothengatter
ruby,Lloyd,Ruby,NaN,NaN,1928-01-12,American,http://en.wikipedia.org/wiki/Lloyd_Ruby
russell,George,Russell,RUS,63,1998-02-15,British,http://en.wikipedia.org/wiki/George_Russell_(racing_driver)
russo,Eddie,Russo,NaN,NaN,1925-11-19,American,http://en.wikipedia.org/wiki/Eddie_Russo
paul_russo,Paul,Russo,NaN,NaN,1914-04-10,American,http://en.wikipedia.org/wiki/Paul_Russo
geki,Giacomo,Russo,NaN,NaN,1937-10-23,Italian,http://en.wikipedia.org/wiki/Geki_(driver)
ruttman,Troy,Ruttman,NaN,NaN,1930-03-11,American,http://en.wikipedia.org/wiki/Troy_Ruttman
ryan,Peter,Ryan,NaN,NaN,1940-06-10,Canadian,http://en.wikipedia.org/wiki/Peter_Ryan_(driver)
sachs,Eddie,Sachs,NaN,NaN,1927-05-28,American,http://en.wikipedia.org/wiki/Eddie_Sachs
said,Bob,Said,NaN,NaN,1932-05-05,American,http://en.wikipedia.org/wiki/Bob_Said
sainz,Carlos,Sainz,SAI,55,1994-09-01,Spanish,http://en.wikipedia.org/wiki/Carlos_Sainz_Jr.
salazar,Eliseo,Salazar,NaN,NaN,1954-11-14,Chilean,http://en.wikipedia.org/wiki/Eliseo_Salazar
salo,Mika,Salo,NaN,NaN,1966-11-30,Finnish,http://en.wikipedia.org/wiki/Mika_Salo
salvadori,Roy,Salvadori,NaN,NaN,1922-05-12,British,http://en.wikipedia.org/wiki/Roy_Salvadori
sanesi,Consalvo,Sanesi,NaN,NaN,1911-03-28,Italian,http://en.wikipedia.org/wiki/Consalvo_Sanesi
sargeant,Logan,Sargeant,SAR,2,2000-12-31,American,http://en.wikipedia.org/wiki/Logan_Sargeant
sarrazin,Stéphane,Sarrazin,NaN,NaN,1975-11-02,French,http://en.wikipedia.org/wiki/St%C3%A9phane_Sarrazin
sato,Takuma,Sato,SAT,NaN,1977-01-28,Japanese,http://en.wikipedia.org/wiki/Takuma_Sato
scarborough,Carl,Scarborough,NaN,NaN,1914-07-03,American,http://en.wikipedia.org/wiki/Carl_Scarborough
scarfiotti,Ludovico,Scarfiotti,NaN,NaN,1933-10-18,Italian,http://en.wikipedia.org/wiki/Ludovico_Scarfiotti
scarlatti,Giorgio,Scarlatti,NaN,NaN,1921-10-02,Italian,http://en.wikipedia.org/wiki/Giorgio_Scarlatti
scheckter,Jody,Scheckter,NaN,NaN,1950-01-29,South African,http://en.wikipedia.org/wiki/Jody_Scheckter
ian_scheckter,Ian,Scheckter,NaN,NaN,1947-08-22,South African,http://en.wikipedia.org/wiki/Ian_Scheckter
schell,Harry,Schell,NaN,NaN,1921-06-29,American,http://en.wikipedia.org/wiki/Harry_Schell
schenken,Tim,Schenken,NaN,NaN,1943-09-26,Australian,http://en.wikipedia.org/wiki/Tim_Schenken
scherrer,Albert,Scherrer,NaN,NaN,1908-02-28,Swiss,http://en.wikipedia.org/wiki/Albert_Scherrer
schiattarella,Domenico,Schiattarella,NaN,NaN,1967-11-17,Italian,http://en.wikipedia.org/wiki/Domenico_Schiattarella
schiller,Heinz,Schiller,NaN,NaN,1930-01-25,Swiss,http://en.wikipedia.org/wiki/Heinz_Schiller
schindler,Bill,Schindler,NaN,NaN,1909-03-06,American,http://en.wikipedia.org/wiki/Bill_Schindler
schlesser,Jean-Louis,Schlesser,NaN,NaN,1948-09-12,French,http://en.wikipedia.org/wiki/Jean-Louis_Schlesser
jo_schlesser,Jo,Schlesser,NaN,NaN,1928-05-18,French,http://en.wikipedia.org/wiki/Jo_Schlesser
schneider,Bernd,Schneider,NaN,NaN,1964-07-20,German,http://en.wikipedia.org/wiki/Bernd_Schneider_(racecar_driver)
schoeller,Rudolf,Schoeller,NaN,NaN,1902-04-27,Swiss,http://en.wikipedia.org/wiki/Rudolf_Schoeller
schroeder,Rob,Schroeder,NaN,NaN,1926-05-11,British,http://en.wikipedia.org/wiki/Rob_Schroeder
mick_schumacher,Mick,Schumacher,MSC,47,1999-03-22,German,http://en.wikipedia.org/wiki/Mick_Schumacher
ralf_schumacher,Ralf,Schumacher,SCH,NaN,1975-06-30,German,http://en.wikipedia.org/wiki/Ralf_Schumacher
michael_schumacher,Michael,Schumacher,MSC,NaN,1969-01-03,German,http://en.wikipedia.org/wiki/Michael_Schumacher
schuppan,Vern,Schuppan,NaN,NaN,1943-03-19,Australian,http://en.wikipedia.org/wiki/Vern_Schuppan
bob_scott,Bob,Scott,NaN,NaN,1928-10-04,American,http://en.wikipedia.org/wiki/Bob_Scott_(auto_racer)
scott_Brown,Archie,Scott Brown,NaN,NaN,1927-05-13,British,http://en.wikipedia.org/wiki/Archie_Scott_Brown
scotti,Piero,Scotti,NaN,NaN,1909-11-11,Italian,http://en.wikipedia.org/wiki/Piero_Scotti
seidel,Wolfgang,Seidel,NaN,NaN,1926-07-04,German,http://en.wikipedia.org/wiki/Wolfgang_Seidel
seiffert,Günther,Seiffert,NaN,NaN,1937-10-18,German,http://en.wikipedia.org/wiki/G%C3%BCnther_Seiffert
bruno_senna,Bruno,Senna,SEN,NaN,1983-10-15,Brazilian,http://en.wikipedia.org/wiki/Bruno_Senna
senna,Ayrton,Senna,NaN,NaN,1960-03-21,Brazilian,http://en.wikipedia.org/wiki/Ayrton_Senna
serafini,Dorino,Serafini,NaN,NaN,1909-07-22,Italian,http://en.wikipedia.org/wiki/Dorino_Serafini
serra,Chico,Serra,NaN,NaN,1957-02-03,Brazilian,http://en.wikipedia.org/wiki/Chico_Serra
serrurier,Doug,Serrurier,NaN,NaN,1920-12-09,South African,http://en.wikipedia.org/wiki/Doug_Serrurier
gavin,Johnny,Servoz-Gavin,NaN,NaN,1942-01-18,French,http://en.wikipedia.org/wiki/Johnny_Servoz-Gavin
settember,Tony,Settember,NaN,NaN,1926-07-10,American,http://en.wikipedia.org/wiki/Tony_Settember
sharp,Hap,Sharp,NaN,NaN,1928-01-01,American,http://en.wikipedia.org/wiki/Hap_Sharp
shawe_taylor,Brian,Shawe Taylor,NaN,NaN,1915-01-28,British,http://en.wikipedia.org/wiki/Brian_Shawe_Taylor
shelby,Carroll,Shelby,NaN,NaN,1923-01-11,American,http://en.wikipedia.org/wiki/Carroll_Shelby
shelly,Tony,Shelly,NaN,NaN,1937-02-02,New Zealander,http://en.wikipedia.org/wiki/Tony_Shelly
siffert,Jo,Siffert,NaN,NaN,1936-07-07,Swiss,http://en.wikipedia.org/wiki/Jo_Siffert
simon,André,Simon,NaN,NaN,1920-01-05,French,http://en.wikipedia.org/wiki/Andr%C3%A9_Simon_(racing_driver)
sirotkin,Sergey,Sirotkin,SIR,35,1995-08-27,Russian,http://en.wikipedia.org/wiki/Sergey_Sirotkin_(racing_driver)
slotemaker,Rob,Slotemaker,NaN,NaN,1929-06-13,Dutch,http://en.wikipedia.org/wiki/Rob_Slotemaker
solana,Moisés,Solana,NaN,NaN,1935-12-26,Mexican,http://en.wikipedia.org/wiki/Mois%C3%A9s_Solana
roig,Alex,Soler-Roig,NaN,NaN,1932-10-29,Spanish,http://en.wikipedia.org/wiki/Alex_Soler-Roig
sommer,Raymond,Sommer,NaN,NaN,1906-08-31,French,http://en.wikipedia.org/wiki/Raymond_Sommer
sospiri,Vincenzo,Sospiri,NaN,NaN,1966-10-07,Italian,http://en.wikipedia.org/wiki/Vincenzo_Sospiri
south,Stephen,South,NaN,NaN,1952-02-19,British,http://en.wikipedia.org/wiki/Stephen_South
sparken,Mike,Sparken,NaN,NaN,1930-06-16,French,http://en.wikipedia.org/wiki/Mike_Sparken
speed,Scott,Speed,SPE,NaN,1983-01-24,American,http://en.wikipedia.org/wiki/Scott_Speed
spence,Mike,Spence,NaN,NaN,1936-12-30,British,http://en.wikipedia.org/wiki/Mike_Spence
stacey,Alan,Stacey,NaN,NaN,1933-08-29,British,http://en.wikipedia.org/wiki/Alan_Stacey
starrabba,Gaetano,Starrabba,NaN,NaN,1932-12-03,Italian,http://en.wikipedia.org/wiki/Gaetano_Starrabba
stevens,Will,Stevens,STE,28,1991-06-28,British,http://en.wikipedia.org/wiki/Will_Stevens
stevenson,Chuck,Stevenson,NaN,NaN,1919-10-15,American,http://en.wikipedia.org/wiki/Chuck_Stevenson
jimmy_stewart,Jimmy,Stewart,NaN,NaN,1931-03-06,British,http://en.wikipedia.org/wiki/Jimmy_Stewart_(racing_driver)
ian_stewart,Ian,Stewart,NaN,NaN,1929-07-15,British,http://en.wikipedia.org/wiki/Ian_Stewart_(racing_driver)
stewart,Jackie,Stewart,NaN,NaN,1939-06-11,British,http://en.wikipedia.org/wiki/Jackie_Stewart
stohr,Siegfried,Stohr,NaN,NaN,1952-10-10,Italian,http://en.wikipedia.org/wiki/Siegfried_Stohr
stommelen,Rolf,Stommelen,NaN,NaN,1943-07-11,German,http://en.wikipedia.org/wiki/Rolf_Stommelen
streiff,Philippe,Streiff,NaN,NaN,1955-06-26,French,http://en.wikipedia.org/wiki/Philippe_Streiff
stroll,Lance,Stroll,STR,18,1998-10-29,Canadian,http://en.wikipedia.org/wiki/Lance_Stroll
stuck,Hans-Joachim,Stuck,NaN,NaN,1951-01-01,German,http://en.wikipedia.org/wiki/Hans_Joachim_Stuck
stuppacher,Otto,Stuppacher,NaN,NaN,1947-03-03,Austrian,http://en.wikipedia.org/wiki/Otto_Stuppacher
sullivan,Danny,Sullivan,NaN,NaN,1950-03-09,American,http://en.wikipedia.org/wiki/Danny_Sullivan
surer,Marc,Surer,NaN,NaN,1951-09-18,Swiss,http://en.wikipedia.org/wiki/Marc_Surer
surtees,John,Surtees,NaN,NaN,1934-02-11,British,http://en.wikipedia.org/wiki/John_Surtees
sutcliffe,Andy,Sutcliffe,NaN,NaN,1947-05-09,British,http://en.wikipedia.org/wiki/Andy_Sutcliffe
sutil,Adrian,Sutil,SUT,99,1983-01-11,German,http://en.wikipedia.org/wiki/Adrian_Sutil
sutton,Len,Sutton,NaN,NaN,1925-08-09,American,http://en.wikipedia.org/wiki/Len_Sutton
suzuki,Aguri,Suzuki,NaN,NaN,1960-09-08,Japanese,http://en.wikipedia.org/wiki/Aguri_Suzuki
toshio_suzuki,Toshio,Suzuki,NaN,NaN,1955-03-10,Japanese,http://en.wikipedia.org/wiki/Toshio_Suzuki_(driver)
swaters,Jacques,Swaters,NaN,NaN,1926-10-30,American,http://en.wikipedia.org/wiki/Jacques_Swaters
sweikert,Bob,Sweikert,NaN,NaN,1926-05-20,American,http://en.wikipedia.org/wiki/Bob_Sweikert
takagi,Toranosuke,Takagi,NaN,NaN,1974-02-12,Japanese,http://en.wikipedia.org/wiki/Toranosuke_Takagi
takahara,Noritake,Takahara,NaN,NaN,1951-06-06,Japanese,http://en.wikipedia.org/wiki/Noritake_Takahara
takahashi,Kunimitsu,Takahashi,NaN,NaN,1940-01-29,Japanese,http://en.wikipedia.org/wiki/Kunimitsu_Takahashi
tambay,Patrick,Tambay,NaN,NaN,1949-06-25,French,http://en.wikipedia.org/wiki/Patrick_Tambay
taramazzo,Luigi,Taramazzo,NaN,NaN,1932-05-05,Italian,http://en.wikipedia.org/wiki/Luigi_Taramazzo
tarquini,Gabriele,Tarquini,NaN,NaN,1962-03-02,Italian,http://en.wikipedia.org/wiki/Gabriele_Tarquini
taruffi,Piero,Taruffi,NaN,NaN,1906-10-12,Italian,http://en.wikipedia.org/wiki/Piero_Taruffi
henry_taylor,Henry,Taylor,NaN,NaN,1932-12-16,British,http://en.wikipedia.org/wiki/Henry_Taylor_(racing_driver)
mike_taylor,Mike,Taylor,NaN,NaN,1934-04-24,British,http://en.wikipedia.org/wiki/Mike_Taylor_(driver)
dennis_taylor,Dennis,Taylor,NaN,NaN,1921-06-12,British,http://en.wikipedia.org/wiki/Dennis_Taylor_(racing_driver)
taylor,John,Taylor,NaN,NaN,1933-03-23,British,http://en.wikipedia.org/wiki/John_Taylor_(racer)
trevor_taylor,Trevor,Taylor,NaN,NaN,1936-12-26,British,http://en.wikipedia.org/wiki/Trevor_Taylor
teague,Marshall,Teague,NaN,NaN,1921-02-22,American,http://en.wikipedia.org/wiki/Marshall_Teague_(racing_driver)
templeman,Shorty,Templeman,NaN,NaN,1919-08-12,American,http://en.wikipedia.org/wiki/Shorty_Templeman
testut,André,Testut,NaN,NaN,1926-04-13,Monegasque,http://en.wikipedia.org/wiki/Andr%C3%A9_Testut
thackwell,Mike,Thackwell,NaN,NaN,1961-03-30,New Zealander,http://en.wikipedia.org/wiki/Mike_Thackwell
thiele,Alfonso,Thiele,NaN,NaN,1920-04-05,American-Italian,http://en.wikipedia.org/wiki/Alfonso_Thiele
thompson,Eric,Thompson,NaN,NaN,1919-11-04,British,http://en.wikipedia.org/wiki/Eric_Thompson_(racing_driver)
thomson,Johnny,Thomson,NaN,NaN,1922-04-09,American,http://en.wikipedia.org/wiki/Johnny_Thomson
thorne,Leslie,Thorne,NaN,NaN,1916-06-23,British,http://en.wikipedia.org/wiki/Leslie_Thorne
tingelstad,Bud,Tingelstad,NaN,NaN,1928-04-04,American,http://en.wikipedia.org/wiki/Bud_Tingelstad
tingle,Sam,Tingle,NaN,NaN,1921-08-24,Rhodesian,http://en.wikipedia.org/wiki/Sam_Tingle
titterington,Desmond,Titterington,NaN,NaN,1928-05-01,British,http://en.wikipedia.org/wiki/Desmond_Titterington
tolan,Johnnie,Tolan,NaN,NaN,1917-10-22,American,http://en.wikipedia.org/wiki/Johnnie_Tolan
trimmer,Tony,Trimmer,NaN,NaN,1943-01-24,British,http://en.wikipedia.org/wiki/Tony_Trimmer
trintignant,Maurice,Trintignant,NaN,NaN,1917-10-30,French,http://en.wikipedia.org/wiki/Maurice_Trintignant
trulli,Jarno,Trulli,TRU,NaN,1974-07-13,Italian,http://en.wikipedia.org/wiki/Jarno_Trulli
tsunoda,Yuki,Tsunoda,TSU,22,2000-05-11,Japanese,http://en.wikipedia.org/wiki/Yuki_Tsunoda
tuero,Esteban,Tuero,NaN,NaN,1978-04-22,Argentine,http://en.wikipedia.org/wiki/Esteban_Tuero
tunmer,Guy,Tunmer,NaN,NaN,1948-12-01,South African,http://en.wikipedia.org/wiki/Guy_Tunmer
turner,Jack,Turner,NaN,NaN,1920-02-12,American,http://en.wikipedia.org/wiki/Jack_Turner_(driver)
ulmen,Toni,Ulmen,NaN,NaN,1906-01-25,German,http://en.wikipedia.org/wiki/Toni_Ulmen
jerry_unser,Jerry,Unser,NaN,NaN,1932-11-15,American,http://en.wikipedia.org/wiki/Jerry_Unser
unser,Bobby,Unser,NaN,NaN,1934-02-20,American,http://en.wikipedia.org/wiki/Bobby_Unser
uria,Alberto,Uria,NaN,NaN,1924-07-11,Uruguayan,http://en.wikipedia.org/wiki/Alberto_Uria
vaccarella,Nino,Vaccarella,NaN,NaN,1933-03-04,Italian,http://en.wikipedia.org/wiki/Nino_Vaccarella
poele,Eric,van de Poele,NaN,NaN,1961-09-30,Belgian,http://en.wikipedia.org/wiki/Eric_van_de_Poele
garde,Giedo,van der Garde,VDG,NaN,1985-04-25,Dutch,http://en.wikipedia.org/wiki/Giedo_van_der_Garde
lof,Dries,van der Lof,NaN,NaN,1919-08-23,Dutch,http://en.wikipedia.org/wiki/Dries_van_der_Lof
vyver,Syd,van der Vyver,NaN,NaN,1920-06-01,South African,http://en.wikipedia.org/wiki/Syd_van_der_Vyver
lennep,Gijs,van Lennep,NaN,NaN,1942-03-16,Dutch,http://en.wikipedia.org/wiki/Gijs_Van_Lennep
rooyen,Basil,van Rooyen,NaN,NaN,1939-04-19,South African,http://en.wikipedia.org/wiki/Basil_van_Rooyen
vandoorne,Stoffel,Vandoorne,VAN,2,1992-03-26,Belgian,http://en.wikipedia.org/wiki/Stoffel_Vandoorne
veith,Bob,Veith,NaN,NaN,1926-11-01,American,http://en.wikipedia.org/wiki/Bob_Veith
vergne,Jean-Éric,Vergne,VER,25,1990-04-25,French,http://en.wikipedia.org/wiki/Jean-%C3%89ric_Vergne
max_verstappen,Max,Verstappen,VER,33,1997-09-30,Dutch,http://en.wikipedia.org/wiki/Max_Verstappen
verstappen,Jos,Verstappen,NaN,NaN,1972-03-04,Dutch,http://en.wikipedia.org/wiki/Jos_Verstappen
vettel,Sebastian,Vettel,VET,5,1987-07-03,German,http://en.wikipedia.org/wiki/Sebastian_Vettel
villeneuve,Jacques,Villeneuve,VIL,NaN,1971-04-09,Canadian,http://en.wikipedia.org/wiki/Jacques_Villeneuve
gilles_villeneuve,Gilles,Villeneuve,NaN,NaN,1950-01-18,Canadian,http://en.wikipedia.org/wiki/Gilles_Villeneuve
villeneuve_sr,Jacques,Villeneuve Sr.,NaN,NaN,1953-11-04,Canadian,http://en.wikipedia.org/wiki/Jacques_Villeneuve_(elder)
villoresi,Luigi,Villoresi,NaN,NaN,1909-05-16,Italian,http://en.wikipedia.org/wiki/Luigi_Villoresi
volonterio,Ottorino,Volonterio,NaN,NaN,1917-12-07,Swiss,http://en.wikipedia.org/wiki/Ottorino_Volonterio
opel,Rikky,von Opel,NaN,NaN,1947-10-14,Liechtensteiner,http://en.wikipedia.org/wiki/Rikky_von_Opel
hans_stuck,Hans,von Stuck,NaN,NaN,1900-12-27,German,http://en.wikipedia.org/wiki/Hans_Von_Stuck
trips,Wolfgang,von Trips,NaN,NaN,1928-05-04,German,http://en.wikipedia.org/wiki/Wolfgang_Graf_Berghe_von_Trips
vonlanthen,Jo,Vonlanthen,NaN,NaN,1942-05-31,Swiss,http://en.wikipedia.org/wiki/Jo_Vonlanthen
vukovich,Bill,Vukovich,NaN,NaN,1918-12-13,American,http://en.wikipedia.org/wiki/Bill_Vukovich
wacker,Fred,Wacker,NaN,NaN,1918-07-10,American,http://en.wikipedia.org/wiki/Fred_Wacker
peter_walker,Peter,Walker,NaN,NaN,1912-10-07,British,http://en.wikipedia.org/wiki/Peter_Walker_(driver)
walker,David,Walker,NaN,NaN,1941-06-10,Australian,http://en.wikipedia.org/wiki/David_Walker_(racing_driver)
wallard,Lee,Wallard,NaN,NaN,1910-09-07,American,http://en.wikipedia.org/wiki/Lee_Wallard
walter,Heini,Walter,NaN,NaN,1927-07-28,Swiss,http://en.wikipedia.org/wiki/Heini_Walter
ward,Rodger,Ward,NaN,NaN,1921-01-10,American,http://en.wikipedia.org/wiki/Rodger_Ward
warwick,Derek,Warwick,NaN,NaN,1954-08-27,British,http://en.wikipedia.org/wiki/Derek_Warwick
watson,John,Watson,NaN,NaN,1946-05-04,British,http://en.wikipedia.org/wiki/John_Watson_(racing_driver)
webb,Travis,Webb,NaN,NaN,1910-10-08,American,http://en.wikipedia.org/wiki/Travis_Webb
webber,Mark,Webber,WEB,NaN,1976-08-27,Australian,http://en.wikipedia.org/wiki/Mark_Webber_(racing_driver)
wehrlein,Pascal,Wehrlein,WEH,94,1994-10-18,German,http://en.wikipedia.org/wiki/Pascal_Wehrlein
weidler,Volker,Weidler,NaN,NaN,1962-03-18,German,http://en.wikipedia.org/wiki/Volker_Weidler
weiler,Wayne,Weiler,NaN,NaN,1934-12-09,American,http://en.wikipedia.org/wiki/Wayne_Weiler
wendlinger,Karl,Wendlinger,NaN,NaN,1968-12-20,Austrian,http://en.wikipedia.org/wiki/Karl_Wendlinger
westbury,Peter,Westbury,NaN,NaN,1938-05-26,British,http://en.wikipedia.org/wiki/Peter_Westbury
weyant,Chuck,Weyant,NaN,NaN,1923-04-03,American,http://en.wikipedia.org/wiki/Chuck_Weyant
wharton,Ken,Wharton,NaN,NaN,1916-03-21,British,http://en.wikipedia.org/wiki/Ken_Wharton
whiteaway,Ted,Whiteaway,NaN,NaN,1928-11-01,British,http://en.wikipedia.org/wiki/Ted_Whiteaway
whitehead,Peter,Whitehead,NaN,NaN,1914-11-12,British,http://en.wikipedia.org/wiki/Peter_Whitehead_(racing_driver)
graham_whitehead,Graham,Whitehead,NaN,NaN,1922-04-15,British,http://en.wikipedia.org/wiki/Graham_Whitehead
whitehouse,Bill,Whitehouse,NaN,NaN,1909-04-01,British,http://en.wikipedia.org/wiki/Bill_Whitehouse
widdows,Robin,Widdows,NaN,NaN,1942-05-27,British,http://en.wikipedia.org/wiki/Robin_Widdows
wietzes,Eppie,Wietzes,NaN,NaN,1938-05-28,Canadian,http://en.wikipedia.org/wiki/Eppie_Wietzes
wilds,Mike,Wilds,NaN,NaN,1946-01-07,British,http://en.wikipedia.org/wiki/Mike_Wilds
williams,Jonathan,Williams,NaN,NaN,1942-10-26,British,http://en.wikipedia.org/wiki/Jonathan_Williams_(racing_driver)
williamson,Roger,Williamson,NaN,NaN,1948-02-02,British,http://en.wikipedia.org/wiki/Roger_Williamson
wilson,Justin,Wilson,NaN,NaN,1978-07-31,British,http://en.wikipedia.org/wiki/Justin_Wilson_(racing_driver)
desire_wilson,Desiré,Wilson,NaN,NaN,1953-11-26,South African,http://en.wikipedia.org/wiki/Desir%C3%A9_Wilson
vic_wilson,Vic,Wilson,NaN,NaN,1931-04-14,British,http://en.wikipedia.org/wiki/Vic_Wilson_(motor_racing_driver)
dempsey_wilson,Dempsey,Wilson,NaN,NaN,1927-03-11,American,http://en.wikipedia.org/wiki/Dempsey_Wilson
markus_winkelhock,Markus,Winkelhock,WIN,NaN,1980-06-13,German,http://en.wikipedia.org/wiki/Markus_Winkelhock
joachim_winkelhock,Joachim,Winkelhock,NaN,NaN,1960-10-24,German,http://en.wikipedia.org/wiki/Joachim_Winkelhock
manfred_winkelhock,Manfred,Winkelhock,NaN,NaN,1951-10-06,German,http://en.wikipedia.org/wiki/Manfred_Winkelhock
wisell,Reine,Wisell,NaN,NaN,1941-09-30,Swedish,http://en.wikipedia.org/wiki/Reine_Wisell
wunderink,Roelof,Wunderink,NaN,NaN,1948-12-12,Dutch,http://en.wikipedia.org/wiki/Roelof_Wunderink
wurz,Alexander,Wurz,WUR,NaN,1974-02-15,Austrian,http://en.wikipedia.org/wiki/Alexander_Wurz
yamamoto,Sakon,Yamamoto,YAM,NaN,1982-07-09,Japanese,http://en.wikipedia.org/wiki/Sakon_Yamamoto
yoong,Alex,Yoong,NaN,NaN,1976-07-20,Malaysian,http://en.wikipedia.org/wiki/Alex_Yoong
zanardi,Alessandro,Zanardi,NaN,NaN,1966-10-23,Italian,http://en.wikipedia.org/wiki/Alex_Zanardi
zapico,Emilio,Zapico,NaN,NaN,1944-05-27,Spanish,http://en.wikipedia.org/wiki/Emilio_Zapico
zhou,Guanyu,Zhou,ZHO,24,1999-05-30,Chinese,http://en.wikipedia.org/wiki/Zhou_Guanyu
zonta,Ricardo,Zonta,ZON,NaN,1976-03-23,Brazilian,http://en.wikipedia.org/wiki/Ricardo_Zonta
zorzi,Renzo,Zorzi,NaN,NaN,1946-12-12,Italian,http://en.wikipedia.org/wiki/Renzo_Zorzi
zunino,Ricardo,Zunino,NaN,NaN,1949-04-13,Argentine,http://en.wikipedia.org/wiki/Ricardo_Zunino
